latin	arabic_form	form_kind	source_url	date_read	fetch_sha256	domain	market	licence	cldr_key
Andorran Peseta	بيستا أندوري	cldr-currency	https://raw.githubusercontent.com/unicode-org/cldr-json/48.2.1/cldr-json/cldr-numbers-full/main/ar/currencies.json	2026-09-20	b39cc3d2cc55822e94ef2c4842d759ca60e3f85ae4bf7106268d0d0116168b23	currencies	world	Unicode-3.0	numbers/currencies/ADP/displayName
United Arab Emirates Dirham	درهم إماراتي	cldr-currency	https://raw.githubusercontent.com/unicode-org/cldr-json/48.2.1/cldr-json/cldr-numbers-full/main/ar/currencies.json	2026-09-20	b39cc3d2cc55822e94ef2c4842d759ca60e3f85ae4bf7106268d0d0116168b23	currencies	world	Unicode-3.0	numbers/currencies/AED/displayName
Afghan Afghani (1927–2002)	أفغاني - 1927-2002	cldr-currency	https://raw.githubusercontent.com/unicode-org/cldr-json/48.2.1/cldr-json/cldr-numbers-full/main/ar/currencies.json	2026-09-20	b39cc3d2cc55822e94ef2c4842d759ca60e3f85ae4bf7106268d0d0116168b23	currencies	world	Unicode-3.0	numbers/currencies/AFA/displayName
Afghan Afghani	أفغاني	cldr-currency	https://raw.githubusercontent.com/unicode-org/cldr-json/48.2.1/cldr-json/cldr-numbers-full/main/ar/currencies.json	2026-09-20	b39cc3d2cc55822e94ef2c4842d759ca60e3f85ae4bf7106268d0d0116168b23	currencies	world	Unicode-3.0	numbers/currencies/AFN/displayName
Albanian Lek	ليك ألباني	cldr-currency	https://raw.githubusercontent.com/unicode-org/cldr-json/48.2.1/cldr-json/cldr-numbers-full/main/ar/currencies.json	2026-09-20	b39cc3d2cc55822e94ef2c4842d759ca60e3f85ae4bf7106268d0d0116168b23	currencies	world	Unicode-3.0	numbers/currencies/ALL/displayName
Armenian Dram	درام أرميني	cldr-currency	https://raw.githubusercontent.com/unicode-org/cldr-json/48.2.1/cldr-json/cldr-numbers-full/main/ar/currencies.json	2026-09-20	b39cc3d2cc55822e94ef2c4842d759ca60e3f85ae4bf7106268d0d0116168b23	currencies	world	Unicode-3.0	numbers/currencies/AMD/displayName
Netherlands Antillean Guilder	غيلدر أنتيلي هولندي	cldr-currency	https://raw.githubusercontent.com/unicode-org/cldr-json/48.2.1/cldr-json/cldr-numbers-full/main/ar/currencies.json	2026-09-20	b39cc3d2cc55822e94ef2c4842d759ca60e3f85ae4bf7106268d0d0116168b23	currencies	world	Unicode-3.0	numbers/currencies/ANG/displayName
Angolan Kwanza	كوانزا أنغولي	cldr-currency	https://raw.githubusercontent.com/unicode-org/cldr-json/48.2.1/cldr-json/cldr-numbers-full/main/ar/currencies.json	2026-09-20	b39cc3d2cc55822e94ef2c4842d759ca60e3f85ae4bf7106268d0d0116168b23	currencies	world	Unicode-3.0	numbers/currencies/AOA/displayName
Angolan Kwanza (1977–1991)	كوانزا أنجولي - 1977-1990	cldr-currency	https://raw.githubusercontent.com/unicode-org/cldr-json/48.2.1/cldr-json/cldr-numbers-full/main/ar/currencies.json	2026-09-20	b39cc3d2cc55822e94ef2c4842d759ca60e3f85ae4bf7106268d0d0116168b23	currencies	world	Unicode-3.0	numbers/currencies/AOK/displayName
Angolan New Kwanza (1990–2000)	كوانزا أنجولي جديدة - 1990-2000	cldr-currency	https://raw.githubusercontent.com/unicode-org/cldr-json/48.2.1/cldr-json/cldr-numbers-full/main/ar/currencies.json	2026-09-20	b39cc3d2cc55822e94ef2c4842d759ca60e3f85ae4bf7106268d0d0116168b23	currencies	world	Unicode-3.0	numbers/currencies/AON/displayName
Angolan Readjusted Kwanza (1995–1999)	كوانزا أنجولي معدلة - 1995 - 1999	cldr-currency	https://raw.githubusercontent.com/unicode-org/cldr-json/48.2.1/cldr-json/cldr-numbers-full/main/ar/currencies.json	2026-09-20	b39cc3d2cc55822e94ef2c4842d759ca60e3f85ae4bf7106268d0d0116168b23	currencies	world	Unicode-3.0	numbers/currencies/AOR/displayName
Argentine Austral	استرال أرجنتيني	cldr-currency	https://raw.githubusercontent.com/unicode-org/cldr-json/48.2.1/cldr-json/cldr-numbers-full/main/ar/currencies.json	2026-09-20	b39cc3d2cc55822e94ef2c4842d759ca60e3f85ae4bf7106268d0d0116168b23	currencies	world	Unicode-3.0	numbers/currencies/ARA/displayName
Argentine Peso (1983–1985)	بيزو أرجنتيني - 1983-1985	cldr-currency	https://raw.githubusercontent.com/unicode-org/cldr-json/48.2.1/cldr-json/cldr-numbers-full/main/ar/currencies.json	2026-09-20	b39cc3d2cc55822e94ef2c4842d759ca60e3f85ae4bf7106268d0d0116168b23	currencies	world	Unicode-3.0	numbers/currencies/ARP/displayName
Argentine Peso	بيزو أرجنتيني	cldr-currency	https://raw.githubusercontent.com/unicode-org/cldr-json/48.2.1/cldr-json/cldr-numbers-full/main/ar/currencies.json	2026-09-20	b39cc3d2cc55822e94ef2c4842d759ca60e3f85ae4bf7106268d0d0116168b23	currencies	world	Unicode-3.0	numbers/currencies/ARS/displayName
Austrian Schilling	شلن نمساوي	cldr-currency	https://raw.githubusercontent.com/unicode-org/cldr-json/48.2.1/cldr-json/cldr-numbers-full/main/ar/currencies.json	2026-09-20	b39cc3d2cc55822e94ef2c4842d759ca60e3f85ae4bf7106268d0d0116168b23	currencies	world	Unicode-3.0	numbers/currencies/ATS/displayName
Australian Dollar	دولار أسترالي	cldr-currency	https://raw.githubusercontent.com/unicode-org/cldr-json/48.2.1/cldr-json/cldr-numbers-full/main/ar/currencies.json	2026-09-20	b39cc3d2cc55822e94ef2c4842d759ca60e3f85ae4bf7106268d0d0116168b23	currencies	world	Unicode-3.0	numbers/currencies/AUD/displayName
Aruban Florin	فلورن أروبي	cldr-currency	https://raw.githubusercontent.com/unicode-org/cldr-json/48.2.1/cldr-json/cldr-numbers-full/main/ar/currencies.json	2026-09-20	b39cc3d2cc55822e94ef2c4842d759ca60e3f85ae4bf7106268d0d0116168b23	currencies	world	Unicode-3.0	numbers/currencies/AWG/displayName
Azerbaijani Manat (1993–2006)	مانات أذريبجاني	cldr-currency	https://raw.githubusercontent.com/unicode-org/cldr-json/48.2.1/cldr-json/cldr-numbers-full/main/ar/currencies.json	2026-09-20	b39cc3d2cc55822e94ef2c4842d759ca60e3f85ae4bf7106268d0d0116168b23	currencies	world	Unicode-3.0	numbers/currencies/AZM/displayName
Azerbaijani Manat	مانات أذربيجان	cldr-currency	https://raw.githubusercontent.com/unicode-org/cldr-json/48.2.1/cldr-json/cldr-numbers-full/main/ar/currencies.json	2026-09-20	b39cc3d2cc55822e94ef2c4842d759ca60e3f85ae4bf7106268d0d0116168b23	currencies	world	Unicode-3.0	numbers/currencies/AZN/displayName
Bosnia-Herzegovina Dinar (1992–1994)	دينار البوسنة والهرسك	cldr-currency	https://raw.githubusercontent.com/unicode-org/cldr-json/48.2.1/cldr-json/cldr-numbers-full/main/ar/currencies.json	2026-09-20	b39cc3d2cc55822e94ef2c4842d759ca60e3f85ae4bf7106268d0d0116168b23	currencies	world	Unicode-3.0	numbers/currencies/BAD/displayName
Bosnia-Herzegovina Convertible Mark	مارك البوسنة والهرسك قابل للتحويل	cldr-currency	https://raw.githubusercontent.com/unicode-org/cldr-json/48.2.1/cldr-json/cldr-numbers-full/main/ar/currencies.json	2026-09-20	b39cc3d2cc55822e94ef2c4842d759ca60e3f85ae4bf7106268d0d0116168b23	currencies	world	Unicode-3.0	numbers/currencies/BAM/displayName
Barbadian Dollar	دولار بربادوسي	cldr-currency	https://raw.githubusercontent.com/unicode-org/cldr-json/48.2.1/cldr-json/cldr-numbers-full/main/ar/currencies.json	2026-09-20	b39cc3d2cc55822e94ef2c4842d759ca60e3f85ae4bf7106268d0d0116168b23	currencies	world	Unicode-3.0	numbers/currencies/BBD/displayName
Bangladeshi Taka	تاكا بنغلاديشي	cldr-currency	https://raw.githubusercontent.com/unicode-org/cldr-json/48.2.1/cldr-json/cldr-numbers-full/main/ar/currencies.json	2026-09-20	b39cc3d2cc55822e94ef2c4842d759ca60e3f85ae4bf7106268d0d0116168b23	currencies	world	Unicode-3.0	numbers/currencies/BDT/displayName
Belgian Franc (convertible)	فرنك بلجيكي قابل للتحويل	cldr-currency	https://raw.githubusercontent.com/unicode-org/cldr-json/48.2.1/cldr-json/cldr-numbers-full/main/ar/currencies.json	2026-09-20	b39cc3d2cc55822e94ef2c4842d759ca60e3f85ae4bf7106268d0d0116168b23	currencies	world	Unicode-3.0	numbers/currencies/BEC/displayName
Belgian Franc	فرنك بلجيكي	cldr-currency	https://raw.githubusercontent.com/unicode-org/cldr-json/48.2.1/cldr-json/cldr-numbers-full/main/ar/currencies.json	2026-09-20	b39cc3d2cc55822e94ef2c4842d759ca60e3f85ae4bf7106268d0d0116168b23	currencies	world	Unicode-3.0	numbers/currencies/BEF/displayName
Belgian Franc (financial)	فرنك بلجيكي مالي	cldr-currency	https://raw.githubusercontent.com/unicode-org/cldr-json/48.2.1/cldr-json/cldr-numbers-full/main/ar/currencies.json	2026-09-20	b39cc3d2cc55822e94ef2c4842d759ca60e3f85ae4bf7106268d0d0116168b23	currencies	world	Unicode-3.0	numbers/currencies/BEL/displayName
Bulgarian Lev	ليف بلغاري	cldr-currency	https://raw.githubusercontent.com/unicode-org/cldr-json/48.2.1/cldr-json/cldr-numbers-full/main/ar/currencies.json	2026-09-20	b39cc3d2cc55822e94ef2c4842d759ca60e3f85ae4bf7106268d0d0116168b23	currencies	world	Unicode-3.0	numbers/currencies/BGN/displayName
Bahraini Dinar	دينار بحريني	cldr-currency	https://raw.githubusercontent.com/unicode-org/cldr-json/48.2.1/cldr-json/cldr-numbers-full/main/ar/currencies.json	2026-09-20	b39cc3d2cc55822e94ef2c4842d759ca60e3f85ae4bf7106268d0d0116168b23	currencies	world	Unicode-3.0	numbers/currencies/BHD/displayName
Burundian Franc	فرنك بروندي	cldr-currency	https://raw.githubusercontent.com/unicode-org/cldr-json/48.2.1/cldr-json/cldr-numbers-full/main/ar/currencies.json	2026-09-20	b39cc3d2cc55822e94ef2c4842d759ca60e3f85ae4bf7106268d0d0116168b23	currencies	world	Unicode-3.0	numbers/currencies/BIF/displayName
Bermudan Dollar	دولار برمودي	cldr-currency	https://raw.githubusercontent.com/unicode-org/cldr-json/48.2.1/cldr-json/cldr-numbers-full/main/ar/currencies.json	2026-09-20	b39cc3d2cc55822e94ef2c4842d759ca60e3f85ae4bf7106268d0d0116168b23	currencies	world	Unicode-3.0	numbers/currencies/BMD/displayName
Brunei Dollar	دولار بروناي	cldr-currency	https://raw.githubusercontent.com/unicode-org/cldr-json/48.2.1/cldr-json/cldr-numbers-full/main/ar/currencies.json	2026-09-20	b39cc3d2cc55822e94ef2c4842d759ca60e3f85ae4bf7106268d0d0116168b23	currencies	world	Unicode-3.0	numbers/currencies/BND/displayName
Bolivian Boliviano	بوليفيانو بوليفي	cldr-currency	https://raw.githubusercontent.com/unicode-org/cldr-json/48.2.1/cldr-json/cldr-numbers-full/main/ar/currencies.json	2026-09-20	b39cc3d2cc55822e94ef2c4842d759ca60e3f85ae4bf7106268d0d0116168b23	currencies	world	Unicode-3.0	numbers/currencies/BOB/displayName
Bolivian Peso	بيزو بوليفي	cldr-currency	https://raw.githubusercontent.com/unicode-org/cldr-json/48.2.1/cldr-json/cldr-numbers-full/main/ar/currencies.json	2026-09-20	b39cc3d2cc55822e94ef2c4842d759ca60e3f85ae4bf7106268d0d0116168b23	currencies	world	Unicode-3.0	numbers/currencies/BOP/displayName
Bolivian Mvdol	مفدول بوليفي	cldr-currency	https://raw.githubusercontent.com/unicode-org/cldr-json/48.2.1/cldr-json/cldr-numbers-full/main/ar/currencies.json	2026-09-20	b39cc3d2cc55822e94ef2c4842d759ca60e3f85ae4bf7106268d0d0116168b23	currencies	world	Unicode-3.0	numbers/currencies/BOV/displayName
Brazilian New Cruzeiro (1967–1986)	نوفو كروزايرو برازيلي - 1967-1986	cldr-currency	https://raw.githubusercontent.com/unicode-org/cldr-json/48.2.1/cldr-json/cldr-numbers-full/main/ar/currencies.json	2026-09-20	b39cc3d2cc55822e94ef2c4842d759ca60e3f85ae4bf7106268d0d0116168b23	currencies	world	Unicode-3.0	numbers/currencies/BRB/displayName
Brazilian Cruzado (1986–1989)	كروزادو برازيلي	cldr-currency	https://raw.githubusercontent.com/unicode-org/cldr-json/48.2.1/cldr-json/cldr-numbers-full/main/ar/currencies.json	2026-09-20	b39cc3d2cc55822e94ef2c4842d759ca60e3f85ae4bf7106268d0d0116168b23	currencies	world	Unicode-3.0	numbers/currencies/BRC/displayName
Brazilian Cruzeiro (1990–1993)	كروزايرو برازيلي - 1990-1993	cldr-currency	https://raw.githubusercontent.com/unicode-org/cldr-json/48.2.1/cldr-json/cldr-numbers-full/main/ar/currencies.json	2026-09-20	b39cc3d2cc55822e94ef2c4842d759ca60e3f85ae4bf7106268d0d0116168b23	currencies	world	Unicode-3.0	numbers/currencies/BRE/displayName
Brazilian Real	ريال برازيلي	cldr-currency	https://raw.githubusercontent.com/unicode-org/cldr-json/48.2.1/cldr-json/cldr-numbers-full/main/ar/currencies.json	2026-09-20	b39cc3d2cc55822e94ef2c4842d759ca60e3f85ae4bf7106268d0d0116168b23	currencies	world	Unicode-3.0	numbers/currencies/BRL/displayName
Bahamian Dollar	دولار باهامي	cldr-currency	https://raw.githubusercontent.com/unicode-org/cldr-json/48.2.1/cldr-json/cldr-numbers-full/main/ar/currencies.json	2026-09-20	b39cc3d2cc55822e94ef2c4842d759ca60e3f85ae4bf7106268d0d0116168b23	currencies	world	Unicode-3.0	numbers/currencies/BSD/displayName
Bhutanese Ngultrum	نولتوم بوتاني	cldr-currency	https://raw.githubusercontent.com/unicode-org/cldr-json/48.2.1/cldr-json/cldr-numbers-full/main/ar/currencies.json	2026-09-20	b39cc3d2cc55822e94ef2c4842d759ca60e3f85ae4bf7106268d0d0116168b23	currencies	world	Unicode-3.0	numbers/currencies/BTN/displayName
Burmese Kyat	كيات بورمي	cldr-currency	https://raw.githubusercontent.com/unicode-org/cldr-json/48.2.1/cldr-json/cldr-numbers-full/main/ar/currencies.json	2026-09-20	b39cc3d2cc55822e94ef2c4842d759ca60e3f85ae4bf7106268d0d0116168b23	currencies	world	Unicode-3.0	numbers/currencies/BUK/displayName
Botswanan Pula	بولا بتسواني	cldr-currency	https://raw.githubusercontent.com/unicode-org/cldr-json/48.2.1/cldr-json/cldr-numbers-full/main/ar/currencies.json	2026-09-20	b39cc3d2cc55822e94ef2c4842d759ca60e3f85ae4bf7106268d0d0116168b23	currencies	world	Unicode-3.0	numbers/currencies/BWP/displayName
Belarusian Ruble (1994–1999)	روبل بيلاروسي جديد - 1994-1999	cldr-currency	https://raw.githubusercontent.com/unicode-org/cldr-json/48.2.1/cldr-json/cldr-numbers-full/main/ar/currencies.json	2026-09-20	b39cc3d2cc55822e94ef2c4842d759ca60e3f85ae4bf7106268d0d0116168b23	currencies	world	Unicode-3.0	numbers/currencies/BYB/displayName
Belarusian Ruble	روبل بيلاروسي	cldr-currency	https://raw.githubusercontent.com/unicode-org/cldr-json/48.2.1/cldr-json/cldr-numbers-full/main/ar/currencies.json	2026-09-20	b39cc3d2cc55822e94ef2c4842d759ca60e3f85ae4bf7106268d0d0116168b23	currencies	world	Unicode-3.0	numbers/currencies/BYN/displayName
Belarusian Ruble (2000–2016)	روبل بيلاروسي (٢٠٠٠–٢٠١٦)	cldr-currency	https://raw.githubusercontent.com/unicode-org/cldr-json/48.2.1/cldr-json/cldr-numbers-full/main/ar/currencies.json	2026-09-20	b39cc3d2cc55822e94ef2c4842d759ca60e3f85ae4bf7106268d0d0116168b23	currencies	world	Unicode-3.0	numbers/currencies/BYR/displayName
Belize Dollar	دولار بليزي	cldr-currency	https://raw.githubusercontent.com/unicode-org/cldr-json/48.2.1/cldr-json/cldr-numbers-full/main/ar/currencies.json	2026-09-20	b39cc3d2cc55822e94ef2c4842d759ca60e3f85ae4bf7106268d0d0116168b23	currencies	world	Unicode-3.0	numbers/currencies/BZD/displayName
Canadian Dollar	دولار كندي	cldr-currency	https://raw.githubusercontent.com/unicode-org/cldr-json/48.2.1/cldr-json/cldr-numbers-full/main/ar/currencies.json	2026-09-20	b39cc3d2cc55822e94ef2c4842d759ca60e3f85ae4bf7106268d0d0116168b23	currencies	world	Unicode-3.0	numbers/currencies/CAD/displayName
Congolese Franc	فرنك كونغولي	cldr-currency	https://raw.githubusercontent.com/unicode-org/cldr-json/48.2.1/cldr-json/cldr-numbers-full/main/ar/currencies.json	2026-09-20	b39cc3d2cc55822e94ef2c4842d759ca60e3f85ae4bf7106268d0d0116168b23	currencies	world	Unicode-3.0	numbers/currencies/CDF/displayName
Swiss Franc	فرنك سويسري	cldr-currency	https://raw.githubusercontent.com/unicode-org/cldr-json/48.2.1/cldr-json/cldr-numbers-full/main/ar/currencies.json	2026-09-20	b39cc3d2cc55822e94ef2c4842d759ca60e3f85ae4bf7106268d0d0116168b23	currencies	world	Unicode-3.0	numbers/currencies/CHF/displayName
Chilean Peso	بيزو تشيلي	cldr-currency	https://raw.githubusercontent.com/unicode-org/cldr-json/48.2.1/cldr-json/cldr-numbers-full/main/ar/currencies.json	2026-09-20	b39cc3d2cc55822e94ef2c4842d759ca60e3f85ae4bf7106268d0d0116168b23	currencies	world	Unicode-3.0	numbers/currencies/CLP/displayName
Chinese Yuan (offshore)	يوان صيني (في الخارج)	cldr-currency	https://raw.githubusercontent.com/unicode-org/cldr-json/48.2.1/cldr-json/cldr-numbers-full/main/ar/currencies.json	2026-09-20	b39cc3d2cc55822e94ef2c4842d759ca60e3f85ae4bf7106268d0d0116168b23	currencies	world	Unicode-3.0	numbers/currencies/CNH/displayName
Chinese Yuan	يوان صيني	cldr-currency	https://raw.githubusercontent.com/unicode-org/cldr-json/48.2.1/cldr-json/cldr-numbers-full/main/ar/currencies.json	2026-09-20	b39cc3d2cc55822e94ef2c4842d759ca60e3f85ae4bf7106268d0d0116168b23	currencies	world	Unicode-3.0	numbers/currencies/CNY/displayName
Colombian Peso	بيزو كولومبي	cldr-currency	https://raw.githubusercontent.com/unicode-org/cldr-json/48.2.1/cldr-json/cldr-numbers-full/main/ar/currencies.json	2026-09-20	b39cc3d2cc55822e94ef2c4842d759ca60e3f85ae4bf7106268d0d0116168b23	currencies	world	Unicode-3.0	numbers/currencies/COP/displayName
Costa Rican Colón	كولن كوستاريكي	cldr-currency	https://raw.githubusercontent.com/unicode-org/cldr-json/48.2.1/cldr-json/cldr-numbers-full/main/ar/currencies.json	2026-09-20	b39cc3d2cc55822e94ef2c4842d759ca60e3f85ae4bf7106268d0d0116168b23	currencies	world	Unicode-3.0	numbers/currencies/CRC/displayName
Serbian Dinar (2002–2006)	دينار صربي قديم	cldr-currency	https://raw.githubusercontent.com/unicode-org/cldr-json/48.2.1/cldr-json/cldr-numbers-full/main/ar/currencies.json	2026-09-20	b39cc3d2cc55822e94ef2c4842d759ca60e3f85ae4bf7106268d0d0116168b23	currencies	world	Unicode-3.0	numbers/currencies/CSD/displayName
Czechoslovak Hard Koruna	كرونة تشيكوسلوفاكيا	cldr-currency	https://raw.githubusercontent.com/unicode-org/cldr-json/48.2.1/cldr-json/cldr-numbers-full/main/ar/currencies.json	2026-09-20	b39cc3d2cc55822e94ef2c4842d759ca60e3f85ae4bf7106268d0d0116168b23	currencies	world	Unicode-3.0	numbers/currencies/CSK/displayName
Cuban Convertible Peso	بيزو كوبي قابل للتحويل	cldr-currency	https://raw.githubusercontent.com/unicode-org/cldr-json/48.2.1/cldr-json/cldr-numbers-full/main/ar/currencies.json	2026-09-20	b39cc3d2cc55822e94ef2c4842d759ca60e3f85ae4bf7106268d0d0116168b23	currencies	world	Unicode-3.0	numbers/currencies/CUC/displayName
Cuban Peso	بيزو كوبي	cldr-currency	https://raw.githubusercontent.com/unicode-org/cldr-json/48.2.1/cldr-json/cldr-numbers-full/main/ar/currencies.json	2026-09-20	b39cc3d2cc55822e94ef2c4842d759ca60e3f85ae4bf7106268d0d0116168b23	currencies	world	Unicode-3.0	numbers/currencies/CUP/displayName
Cape Verdean Escudo	اسكودو الرأس الأخضر	cldr-currency	https://raw.githubusercontent.com/unicode-org/cldr-json/48.2.1/cldr-json/cldr-numbers-full/main/ar/currencies.json	2026-09-20	b39cc3d2cc55822e94ef2c4842d759ca60e3f85ae4bf7106268d0d0116168b23	currencies	world	Unicode-3.0	numbers/currencies/CVE/displayName
Cypriot Pound	جنيه قبرصي	cldr-currency	https://raw.githubusercontent.com/unicode-org/cldr-json/48.2.1/cldr-json/cldr-numbers-full/main/ar/currencies.json	2026-09-20	b39cc3d2cc55822e94ef2c4842d759ca60e3f85ae4bf7106268d0d0116168b23	currencies	world	Unicode-3.0	numbers/currencies/CYP/displayName
Czech Koruna	كرونة تشيكية	cldr-currency	https://raw.githubusercontent.com/unicode-org/cldr-json/48.2.1/cldr-json/cldr-numbers-full/main/ar/currencies.json	2026-09-20	b39cc3d2cc55822e94ef2c4842d759ca60e3f85ae4bf7106268d0d0116168b23	currencies	world	Unicode-3.0	numbers/currencies/CZK/displayName
East German Mark	أوستمارك ألماني شرقي	cldr-currency	https://raw.githubusercontent.com/unicode-org/cldr-json/48.2.1/cldr-json/cldr-numbers-full/main/ar/currencies.json	2026-09-20	b39cc3d2cc55822e94ef2c4842d759ca60e3f85ae4bf7106268d0d0116168b23	currencies	world	Unicode-3.0	numbers/currencies/DDM/displayName
German Mark	مارك ألماني	cldr-currency	https://raw.githubusercontent.com/unicode-org/cldr-json/48.2.1/cldr-json/cldr-numbers-full/main/ar/currencies.json	2026-09-20	b39cc3d2cc55822e94ef2c4842d759ca60e3f85ae4bf7106268d0d0116168b23	currencies	world	Unicode-3.0	numbers/currencies/DEM/displayName
Djiboutian Franc	فرنك جيبوتي	cldr-currency	https://raw.githubusercontent.com/unicode-org/cldr-json/48.2.1/cldr-json/cldr-numbers-full/main/ar/currencies.json	2026-09-20	b39cc3d2cc55822e94ef2c4842d759ca60e3f85ae4bf7106268d0d0116168b23	currencies	world	Unicode-3.0	numbers/currencies/DJF/displayName
Danish Krone	كرونة دنماركية	cldr-currency	https://raw.githubusercontent.com/unicode-org/cldr-json/48.2.1/cldr-json/cldr-numbers-full/main/ar/currencies.json	2026-09-20	b39cc3d2cc55822e94ef2c4842d759ca60e3f85ae4bf7106268d0d0116168b23	currencies	world	Unicode-3.0	numbers/currencies/DKK/displayName
Dominican Peso	بيزو الدومنيكان	cldr-currency	https://raw.githubusercontent.com/unicode-org/cldr-json/48.2.1/cldr-json/cldr-numbers-full/main/ar/currencies.json	2026-09-20	b39cc3d2cc55822e94ef2c4842d759ca60e3f85ae4bf7106268d0d0116168b23	currencies	world	Unicode-3.0	numbers/currencies/DOP/displayName
Algerian Dinar	دينار جزائري	cldr-currency	https://raw.githubusercontent.com/unicode-org/cldr-json/48.2.1/cldr-json/cldr-numbers-full/main/ar/currencies.json	2026-09-20	b39cc3d2cc55822e94ef2c4842d759ca60e3f85ae4bf7106268d0d0116168b23	currencies	world	Unicode-3.0	numbers/currencies/DZD/displayName
Estonian Kroon	كرونة استونية	cldr-currency	https://raw.githubusercontent.com/unicode-org/cldr-json/48.2.1/cldr-json/cldr-numbers-full/main/ar/currencies.json	2026-09-20	b39cc3d2cc55822e94ef2c4842d759ca60e3f85ae4bf7106268d0d0116168b23	currencies	world	Unicode-3.0	numbers/currencies/EEK/displayName
Egyptian Pound	جنيه مصري	cldr-currency	https://raw.githubusercontent.com/unicode-org/cldr-json/48.2.1/cldr-json/cldr-numbers-full/main/ar/currencies.json	2026-09-20	b39cc3d2cc55822e94ef2c4842d759ca60e3f85ae4bf7106268d0d0116168b23	currencies	world	Unicode-3.0	numbers/currencies/EGP/displayName
Eritrean Nakfa	ناكفا أريتري	cldr-currency	https://raw.githubusercontent.com/unicode-org/cldr-json/48.2.1/cldr-json/cldr-numbers-full/main/ar/currencies.json	2026-09-20	b39cc3d2cc55822e94ef2c4842d759ca60e3f85ae4bf7106268d0d0116168b23	currencies	world	Unicode-3.0	numbers/currencies/ERN/displayName
Spanish Peseta	بيزيتا إسباني	cldr-currency	https://raw.githubusercontent.com/unicode-org/cldr-json/48.2.1/cldr-json/cldr-numbers-full/main/ar/currencies.json	2026-09-20	b39cc3d2cc55822e94ef2c4842d759ca60e3f85ae4bf7106268d0d0116168b23	currencies	world	Unicode-3.0	numbers/currencies/ESP/displayName
Ethiopian Birr	بير أثيوبي	cldr-currency	https://raw.githubusercontent.com/unicode-org/cldr-json/48.2.1/cldr-json/cldr-numbers-full/main/ar/currencies.json	2026-09-20	b39cc3d2cc55822e94ef2c4842d759ca60e3f85ae4bf7106268d0d0116168b23	currencies	world	Unicode-3.0	numbers/currencies/ETB/displayName
Euro	يورو	cldr-currency	https://raw.githubusercontent.com/unicode-org/cldr-json/48.2.1/cldr-json/cldr-numbers-full/main/ar/currencies.json	2026-09-20	b39cc3d2cc55822e94ef2c4842d759ca60e3f85ae4bf7106268d0d0116168b23	currencies	world	Unicode-3.0	numbers/currencies/EUR/displayName
Finnish Markka	ماركا فنلندي	cldr-currency	https://raw.githubusercontent.com/unicode-org/cldr-json/48.2.1/cldr-json/cldr-numbers-full/main/ar/currencies.json	2026-09-20	b39cc3d2cc55822e94ef2c4842d759ca60e3f85ae4bf7106268d0d0116168b23	currencies	world	Unicode-3.0	numbers/currencies/FIM/displayName
Fijian Dollar	دولار فيجي	cldr-currency	https://raw.githubusercontent.com/unicode-org/cldr-json/48.2.1/cldr-json/cldr-numbers-full/main/ar/currencies.json	2026-09-20	b39cc3d2cc55822e94ef2c4842d759ca60e3f85ae4bf7106268d0d0116168b23	currencies	world	Unicode-3.0	numbers/currencies/FJD/displayName
Falkland Islands Pound	جنيه جزر فوكلاند	cldr-currency	https://raw.githubusercontent.com/unicode-org/cldr-json/48.2.1/cldr-json/cldr-numbers-full/main/ar/currencies.json	2026-09-20	b39cc3d2cc55822e94ef2c4842d759ca60e3f85ae4bf7106268d0d0116168b23	currencies	world	Unicode-3.0	numbers/currencies/FKP/displayName
French Franc	فرنك فرنسي	cldr-currency	https://raw.githubusercontent.com/unicode-org/cldr-json/48.2.1/cldr-json/cldr-numbers-full/main/ar/currencies.json	2026-09-20	b39cc3d2cc55822e94ef2c4842d759ca60e3f85ae4bf7106268d0d0116168b23	currencies	world	Unicode-3.0	numbers/currencies/FRF/displayName
British Pound	جنيه إسترليني	cldr-currency	https://raw.githubusercontent.com/unicode-org/cldr-json/48.2.1/cldr-json/cldr-numbers-full/main/ar/currencies.json	2026-09-20	b39cc3d2cc55822e94ef2c4842d759ca60e3f85ae4bf7106268d0d0116168b23	currencies	world	Unicode-3.0	numbers/currencies/GBP/displayName
Georgian Lari	لارى جورجي	cldr-currency	https://raw.githubusercontent.com/unicode-org/cldr-json/48.2.1/cldr-json/cldr-numbers-full/main/ar/currencies.json	2026-09-20	b39cc3d2cc55822e94ef2c4842d759ca60e3f85ae4bf7106268d0d0116168b23	currencies	world	Unicode-3.0	numbers/currencies/GEL/displayName
Ghanaian Cedi (1979–2007)	سيدي غاني	cldr-currency	https://raw.githubusercontent.com/unicode-org/cldr-json/48.2.1/cldr-json/cldr-numbers-full/main/ar/currencies.json	2026-09-20	b39cc3d2cc55822e94ef2c4842d759ca60e3f85ae4bf7106268d0d0116168b23	currencies	world	Unicode-3.0	numbers/currencies/GHC/displayName
Ghanaian Cedi	سيدي غانا	cldr-currency	https://raw.githubusercontent.com/unicode-org/cldr-json/48.2.1/cldr-json/cldr-numbers-full/main/ar/currencies.json	2026-09-20	b39cc3d2cc55822e94ef2c4842d759ca60e3f85ae4bf7106268d0d0116168b23	currencies	world	Unicode-3.0	numbers/currencies/GHS/displayName
Gibraltar Pound	جنيه جبل طارق	cldr-currency	https://raw.githubusercontent.com/unicode-org/cldr-json/48.2.1/cldr-json/cldr-numbers-full/main/ar/currencies.json	2026-09-20	b39cc3d2cc55822e94ef2c4842d759ca60e3f85ae4bf7106268d0d0116168b23	currencies	world	Unicode-3.0	numbers/currencies/GIP/displayName
Gambian Dalasi	دلاسي غامبي	cldr-currency	https://raw.githubusercontent.com/unicode-org/cldr-json/48.2.1/cldr-json/cldr-numbers-full/main/ar/currencies.json	2026-09-20	b39cc3d2cc55822e94ef2c4842d759ca60e3f85ae4bf7106268d0d0116168b23	currencies	world	Unicode-3.0	numbers/currencies/GMD/displayName
Guinean Franc	فرنك غينيا	cldr-currency	https://raw.githubusercontent.com/unicode-org/cldr-json/48.2.1/cldr-json/cldr-numbers-full/main/ar/currencies.json	2026-09-20	b39cc3d2cc55822e94ef2c4842d759ca60e3f85ae4bf7106268d0d0116168b23	currencies	world	Unicode-3.0	numbers/currencies/GNF/displayName
Guinean Syli	سيلي غينيا	cldr-currency	https://raw.githubusercontent.com/unicode-org/cldr-json/48.2.1/cldr-json/cldr-numbers-full/main/ar/currencies.json	2026-09-20	b39cc3d2cc55822e94ef2c4842d759ca60e3f85ae4bf7106268d0d0116168b23	currencies	world	Unicode-3.0	numbers/currencies/GNS/displayName
Equatorial Guinean Ekwele	اكويل جونينا غينيا الاستوائيّة	cldr-currency	https://raw.githubusercontent.com/unicode-org/cldr-json/48.2.1/cldr-json/cldr-numbers-full/main/ar/currencies.json	2026-09-20	b39cc3d2cc55822e94ef2c4842d759ca60e3f85ae4bf7106268d0d0116168b23	currencies	world	Unicode-3.0	numbers/currencies/GQE/displayName
Greek Drachma	دراخما يوناني	cldr-currency	https://raw.githubusercontent.com/unicode-org/cldr-json/48.2.1/cldr-json/cldr-numbers-full/main/ar/currencies.json	2026-09-20	b39cc3d2cc55822e94ef2c4842d759ca60e3f85ae4bf7106268d0d0116168b23	currencies	world	Unicode-3.0	numbers/currencies/GRD/displayName
Guatemalan Quetzal	كوتزال غواتيمالا	cldr-currency	https://raw.githubusercontent.com/unicode-org/cldr-json/48.2.1/cldr-json/cldr-numbers-full/main/ar/currencies.json	2026-09-20	b39cc3d2cc55822e94ef2c4842d759ca60e3f85ae4bf7106268d0d0116168b23	currencies	world	Unicode-3.0	numbers/currencies/GTQ/displayName
Portuguese Guinea Escudo	اسكود برتغالي غينيا	cldr-currency	https://raw.githubusercontent.com/unicode-org/cldr-json/48.2.1/cldr-json/cldr-numbers-full/main/ar/currencies.json	2026-09-20	b39cc3d2cc55822e94ef2c4842d759ca60e3f85ae4bf7106268d0d0116168b23	currencies	world	Unicode-3.0	numbers/currencies/GWE/displayName
Guinea-Bissau Peso	بيزو غينيا بيساو	cldr-currency	https://raw.githubusercontent.com/unicode-org/cldr-json/48.2.1/cldr-json/cldr-numbers-full/main/ar/currencies.json	2026-09-20	b39cc3d2cc55822e94ef2c4842d759ca60e3f85ae4bf7106268d0d0116168b23	currencies	world	Unicode-3.0	numbers/currencies/GWP/displayName
Guyanaese Dollar	دولار غيانا	cldr-currency	https://raw.githubusercontent.com/unicode-org/cldr-json/48.2.1/cldr-json/cldr-numbers-full/main/ar/currencies.json	2026-09-20	b39cc3d2cc55822e94ef2c4842d759ca60e3f85ae4bf7106268d0d0116168b23	currencies	world	Unicode-3.0	numbers/currencies/GYD/displayName
Hong Kong Dollar	دولار هونغ كونغ	cldr-currency	https://raw.githubusercontent.com/unicode-org/cldr-json/48.2.1/cldr-json/cldr-numbers-full/main/ar/currencies.json	2026-09-20	b39cc3d2cc55822e94ef2c4842d759ca60e3f85ae4bf7106268d0d0116168b23	currencies	world	Unicode-3.0	numbers/currencies/HKD/displayName
Honduran Lempira	ليمبيرا هنداروس	cldr-currency	https://raw.githubusercontent.com/unicode-org/cldr-json/48.2.1/cldr-json/cldr-numbers-full/main/ar/currencies.json	2026-09-20	b39cc3d2cc55822e94ef2c4842d759ca60e3f85ae4bf7106268d0d0116168b23	currencies	world	Unicode-3.0	numbers/currencies/HNL/displayName
Croatian Dinar	دينار كرواتي	cldr-currency	https://raw.githubusercontent.com/unicode-org/cldr-json/48.2.1/cldr-json/cldr-numbers-full/main/ar/currencies.json	2026-09-20	b39cc3d2cc55822e94ef2c4842d759ca60e3f85ae4bf7106268d0d0116168b23	currencies	world	Unicode-3.0	numbers/currencies/HRD/displayName
Croatian Kuna	كونا كرواتي	cldr-currency	https://raw.githubusercontent.com/unicode-org/cldr-json/48.2.1/cldr-json/cldr-numbers-full/main/ar/currencies.json	2026-09-20	b39cc3d2cc55822e94ef2c4842d759ca60e3f85ae4bf7106268d0d0116168b23	currencies	world	Unicode-3.0	numbers/currencies/HRK/displayName
Haitian Gourde	جوردى هايتي	cldr-currency	https://raw.githubusercontent.com/unicode-org/cldr-json/48.2.1/cldr-json/cldr-numbers-full/main/ar/currencies.json	2026-09-20	b39cc3d2cc55822e94ef2c4842d759ca60e3f85ae4bf7106268d0d0116168b23	currencies	world	Unicode-3.0	numbers/currencies/HTG/displayName
Hungarian Forint	فورينت هنغاري	cldr-currency	https://raw.githubusercontent.com/unicode-org/cldr-json/48.2.1/cldr-json/cldr-numbers-full/main/ar/currencies.json	2026-09-20	b39cc3d2cc55822e94ef2c4842d759ca60e3f85ae4bf7106268d0d0116168b23	currencies	world	Unicode-3.0	numbers/currencies/HUF/displayName
Indonesian Rupiah	روبية إندونيسية	cldr-currency	https://raw.githubusercontent.com/unicode-org/cldr-json/48.2.1/cldr-json/cldr-numbers-full/main/ar/currencies.json	2026-09-20	b39cc3d2cc55822e94ef2c4842d759ca60e3f85ae4bf7106268d0d0116168b23	currencies	world	Unicode-3.0	numbers/currencies/IDR/displayName
Irish Pound	جنيه إيرلندي	cldr-currency	https://raw.githubusercontent.com/unicode-org/cldr-json/48.2.1/cldr-json/cldr-numbers-full/main/ar/currencies.json	2026-09-20	b39cc3d2cc55822e94ef2c4842d759ca60e3f85ae4bf7106268d0d0116168b23	currencies	world	Unicode-3.0	numbers/currencies/IEP/displayName
Israeli Pound	جنيه إسرائيلي	cldr-currency	https://raw.githubusercontent.com/unicode-org/cldr-json/48.2.1/cldr-json/cldr-numbers-full/main/ar/currencies.json	2026-09-20	b39cc3d2cc55822e94ef2c4842d759ca60e3f85ae4bf7106268d0d0116168b23	currencies	world	Unicode-3.0	numbers/currencies/ILP/displayName
Israeli New Shekel	شيكل إسرائيلي جديد	cldr-currency	https://raw.githubusercontent.com/unicode-org/cldr-json/48.2.1/cldr-json/cldr-numbers-full/main/ar/currencies.json	2026-09-20	b39cc3d2cc55822e94ef2c4842d759ca60e3f85ae4bf7106268d0d0116168b23	currencies	world	Unicode-3.0	numbers/currencies/ILS/displayName
Indian Rupee	روبية هندي	cldr-currency	https://raw.githubusercontent.com/unicode-org/cldr-json/48.2.1/cldr-json/cldr-numbers-full/main/ar/currencies.json	2026-09-20	b39cc3d2cc55822e94ef2c4842d759ca60e3f85ae4bf7106268d0d0116168b23	currencies	world	Unicode-3.0	numbers/currencies/INR/displayName
Iraqi Dinar	دينار عراقي	cldr-currency	https://raw.githubusercontent.com/unicode-org/cldr-json/48.2.1/cldr-json/cldr-numbers-full/main/ar/currencies.json	2026-09-20	b39cc3d2cc55822e94ef2c4842d759ca60e3f85ae4bf7106268d0d0116168b23	currencies	world	Unicode-3.0	numbers/currencies/IQD/displayName
Iranian Rial	ريال إيراني	cldr-currency	https://raw.githubusercontent.com/unicode-org/cldr-json/48.2.1/cldr-json/cldr-numbers-full/main/ar/currencies.json	2026-09-20	b39cc3d2cc55822e94ef2c4842d759ca60e3f85ae4bf7106268d0d0116168b23	currencies	world	Unicode-3.0	numbers/currencies/IRR/displayName
Icelandic Króna	كرونة أيسلندية	cldr-currency	https://raw.githubusercontent.com/unicode-org/cldr-json/48.2.1/cldr-json/cldr-numbers-full/main/ar/currencies.json	2026-09-20	b39cc3d2cc55822e94ef2c4842d759ca60e3f85ae4bf7106268d0d0116168b23	currencies	world	Unicode-3.0	numbers/currencies/ISK/displayName
Italian Lira	ليرة إيطالية	cldr-currency	https://raw.githubusercontent.com/unicode-org/cldr-json/48.2.1/cldr-json/cldr-numbers-full/main/ar/currencies.json	2026-09-20	b39cc3d2cc55822e94ef2c4842d759ca60e3f85ae4bf7106268d0d0116168b23	currencies	world	Unicode-3.0	numbers/currencies/ITL/displayName
Jamaican Dollar	دولار جامايكي	cldr-currency	https://raw.githubusercontent.com/unicode-org/cldr-json/48.2.1/cldr-json/cldr-numbers-full/main/ar/currencies.json	2026-09-20	b39cc3d2cc55822e94ef2c4842d759ca60e3f85ae4bf7106268d0d0116168b23	currencies	world	Unicode-3.0	numbers/currencies/JMD/displayName
Jordanian Dinar	دينار أردني	cldr-currency	https://raw.githubusercontent.com/unicode-org/cldr-json/48.2.1/cldr-json/cldr-numbers-full/main/ar/currencies.json	2026-09-20	b39cc3d2cc55822e94ef2c4842d759ca60e3f85ae4bf7106268d0d0116168b23	currencies	world	Unicode-3.0	numbers/currencies/JOD/displayName
Japanese Yen	ين ياباني	cldr-currency	https://raw.githubusercontent.com/unicode-org/cldr-json/48.2.1/cldr-json/cldr-numbers-full/main/ar/currencies.json	2026-09-20	b39cc3d2cc55822e94ef2c4842d759ca60e3f85ae4bf7106268d0d0116168b23	currencies	world	Unicode-3.0	numbers/currencies/JPY/displayName
Kenyan Shilling	شلن كينيي	cldr-currency	https://raw.githubusercontent.com/unicode-org/cldr-json/48.2.1/cldr-json/cldr-numbers-full/main/ar/currencies.json	2026-09-20	b39cc3d2cc55822e94ef2c4842d759ca60e3f85ae4bf7106268d0d0116168b23	currencies	world	Unicode-3.0	numbers/currencies/KES/displayName
Kyrgyz Som	سوم قيرغستاني	cldr-currency	https://raw.githubusercontent.com/unicode-org/cldr-json/48.2.1/cldr-json/cldr-numbers-full/main/ar/currencies.json	2026-09-20	b39cc3d2cc55822e94ef2c4842d759ca60e3f85ae4bf7106268d0d0116168b23	currencies	world	Unicode-3.0	numbers/currencies/KGS/displayName
Cambodian Riel	رييال كمبودي	cldr-currency	https://raw.githubusercontent.com/unicode-org/cldr-json/48.2.1/cldr-json/cldr-numbers-full/main/ar/currencies.json	2026-09-20	b39cc3d2cc55822e94ef2c4842d759ca60e3f85ae4bf7106268d0d0116168b23	currencies	world	Unicode-3.0	numbers/currencies/KHR/displayName
Comorian Franc	فرنك جزر القمر	cldr-currency	https://raw.githubusercontent.com/unicode-org/cldr-json/48.2.1/cldr-json/cldr-numbers-full/main/ar/currencies.json	2026-09-20	b39cc3d2cc55822e94ef2c4842d759ca60e3f85ae4bf7106268d0d0116168b23	currencies	world	Unicode-3.0	numbers/currencies/KMF/displayName
North Korean Won	وون كوريا الشمالية	cldr-currency	https://raw.githubusercontent.com/unicode-org/cldr-json/48.2.1/cldr-json/cldr-numbers-full/main/ar/currencies.json	2026-09-20	b39cc3d2cc55822e94ef2c4842d759ca60e3f85ae4bf7106268d0d0116168b23	currencies	world	Unicode-3.0	numbers/currencies/KPW/displayName
South Korean Won	وون كوريا الجنوبية	cldr-currency	https://raw.githubusercontent.com/unicode-org/cldr-json/48.2.1/cldr-json/cldr-numbers-full/main/ar/currencies.json	2026-09-20	b39cc3d2cc55822e94ef2c4842d759ca60e3f85ae4bf7106268d0d0116168b23	currencies	world	Unicode-3.0	numbers/currencies/KRW/displayName
Kuwaiti Dinar	دينار كويتي	cldr-currency	https://raw.githubusercontent.com/unicode-org/cldr-json/48.2.1/cldr-json/cldr-numbers-full/main/ar/currencies.json	2026-09-20	b39cc3d2cc55822e94ef2c4842d759ca60e3f85ae4bf7106268d0d0116168b23	currencies	world	Unicode-3.0	numbers/currencies/KWD/displayName
Cayman Islands Dollar	دولار جزر كيمن	cldr-currency	https://raw.githubusercontent.com/unicode-org/cldr-json/48.2.1/cldr-json/cldr-numbers-full/main/ar/currencies.json	2026-09-20	b39cc3d2cc55822e94ef2c4842d759ca60e3f85ae4bf7106268d0d0116168b23	currencies	world	Unicode-3.0	numbers/currencies/KYD/displayName
Kazakhstani Tenge	تينغ كازاخستاني	cldr-currency	https://raw.githubusercontent.com/unicode-org/cldr-json/48.2.1/cldr-json/cldr-numbers-full/main/ar/currencies.json	2026-09-20	b39cc3d2cc55822e94ef2c4842d759ca60e3f85ae4bf7106268d0d0116168b23	currencies	world	Unicode-3.0	numbers/currencies/KZT/displayName
Laotian Kip	كيب لاوسي	cldr-currency	https://raw.githubusercontent.com/unicode-org/cldr-json/48.2.1/cldr-json/cldr-numbers-full/main/ar/currencies.json	2026-09-20	b39cc3d2cc55822e94ef2c4842d759ca60e3f85ae4bf7106268d0d0116168b23	currencies	world	Unicode-3.0	numbers/currencies/LAK/displayName
Lebanese Pound	جنيه لبناني	cldr-currency	https://raw.githubusercontent.com/unicode-org/cldr-json/48.2.1/cldr-json/cldr-numbers-full/main/ar/currencies.json	2026-09-20	b39cc3d2cc55822e94ef2c4842d759ca60e3f85ae4bf7106268d0d0116168b23	currencies	world	Unicode-3.0	numbers/currencies/LBP/displayName
Sri Lankan Rupee	روبية سريلانكية	cldr-currency	https://raw.githubusercontent.com/unicode-org/cldr-json/48.2.1/cldr-json/cldr-numbers-full/main/ar/currencies.json	2026-09-20	b39cc3d2cc55822e94ef2c4842d759ca60e3f85ae4bf7106268d0d0116168b23	currencies	world	Unicode-3.0	numbers/currencies/LKR/displayName
Liberian Dollar	دولار ليبيري	cldr-currency	https://raw.githubusercontent.com/unicode-org/cldr-json/48.2.1/cldr-json/cldr-numbers-full/main/ar/currencies.json	2026-09-20	b39cc3d2cc55822e94ef2c4842d759ca60e3f85ae4bf7106268d0d0116168b23	currencies	world	Unicode-3.0	numbers/currencies/LRD/displayName
Lesotho Loti	لوتي ليسوتو	cldr-currency	https://raw.githubusercontent.com/unicode-org/cldr-json/48.2.1/cldr-json/cldr-numbers-full/main/ar/currencies.json	2026-09-20	b39cc3d2cc55822e94ef2c4842d759ca60e3f85ae4bf7106268d0d0116168b23	currencies	world	Unicode-3.0	numbers/currencies/LSL/displayName
Lithuanian Litas	ليتا ليتوانية	cldr-currency	https://raw.githubusercontent.com/unicode-org/cldr-json/48.2.1/cldr-json/cldr-numbers-full/main/ar/currencies.json	2026-09-20	b39cc3d2cc55822e94ef2c4842d759ca60e3f85ae4bf7106268d0d0116168b23	currencies	world	Unicode-3.0	numbers/currencies/LTL/displayName
Lithuanian Talonas	تالوناس ليتواني	cldr-currency	https://raw.githubusercontent.com/unicode-org/cldr-json/48.2.1/cldr-json/cldr-numbers-full/main/ar/currencies.json	2026-09-20	b39cc3d2cc55822e94ef2c4842d759ca60e3f85ae4bf7106268d0d0116168b23	currencies	world	Unicode-3.0	numbers/currencies/LTT/displayName
Luxembourgian Convertible Franc	فرنك لوكسمبرج قابل للتحويل	cldr-currency	https://raw.githubusercontent.com/unicode-org/cldr-json/48.2.1/cldr-json/cldr-numbers-full/main/ar/currencies.json	2026-09-20	b39cc3d2cc55822e94ef2c4842d759ca60e3f85ae4bf7106268d0d0116168b23	currencies	world	Unicode-3.0	numbers/currencies/LUC/displayName
Luxembourgian Franc	فرنك لوكسمبرج	cldr-currency	https://raw.githubusercontent.com/unicode-org/cldr-json/48.2.1/cldr-json/cldr-numbers-full/main/ar/currencies.json	2026-09-20	b39cc3d2cc55822e94ef2c4842d759ca60e3f85ae4bf7106268d0d0116168b23	currencies	world	Unicode-3.0	numbers/currencies/LUF/displayName
Luxembourg Financial Franc	فرنك لوكسمبرج المالي	cldr-currency	https://raw.githubusercontent.com/unicode-org/cldr-json/48.2.1/cldr-json/cldr-numbers-full/main/ar/currencies.json	2026-09-20	b39cc3d2cc55822e94ef2c4842d759ca60e3f85ae4bf7106268d0d0116168b23	currencies	world	Unicode-3.0	numbers/currencies/LUL/displayName
Latvian Lats	لاتس لاتفيا	cldr-currency	https://raw.githubusercontent.com/unicode-org/cldr-json/48.2.1/cldr-json/cldr-numbers-full/main/ar/currencies.json	2026-09-20	b39cc3d2cc55822e94ef2c4842d759ca60e3f85ae4bf7106268d0d0116168b23	currencies	world	Unicode-3.0	numbers/currencies/LVL/displayName
Latvian Ruble	روبل لاتفيا	cldr-currency	https://raw.githubusercontent.com/unicode-org/cldr-json/48.2.1/cldr-json/cldr-numbers-full/main/ar/currencies.json	2026-09-20	b39cc3d2cc55822e94ef2c4842d759ca60e3f85ae4bf7106268d0d0116168b23	currencies	world	Unicode-3.0	numbers/currencies/LVR/displayName
Libyan Dinar	دينار ليبي	cldr-currency	https://raw.githubusercontent.com/unicode-org/cldr-json/48.2.1/cldr-json/cldr-numbers-full/main/ar/currencies.json	2026-09-20	b39cc3d2cc55822e94ef2c4842d759ca60e3f85ae4bf7106268d0d0116168b23	currencies	world	Unicode-3.0	numbers/currencies/LYD/displayName
Moroccan Dirham	درهم مغربي	cldr-currency	https://raw.githubusercontent.com/unicode-org/cldr-json/48.2.1/cldr-json/cldr-numbers-full/main/ar/currencies.json	2026-09-20	b39cc3d2cc55822e94ef2c4842d759ca60e3f85ae4bf7106268d0d0116168b23	currencies	world	Unicode-3.0	numbers/currencies/MAD/displayName
Moroccan Franc	فرنك مغربي	cldr-currency	https://raw.githubusercontent.com/unicode-org/cldr-json/48.2.1/cldr-json/cldr-numbers-full/main/ar/currencies.json	2026-09-20	b39cc3d2cc55822e94ef2c4842d759ca60e3f85ae4bf7106268d0d0116168b23	currencies	world	Unicode-3.0	numbers/currencies/MAF/displayName
Moldovan Leu	ليو مولدوفي	cldr-currency	https://raw.githubusercontent.com/unicode-org/cldr-json/48.2.1/cldr-json/cldr-numbers-full/main/ar/currencies.json	2026-09-20	b39cc3d2cc55822e94ef2c4842d759ca60e3f85ae4bf7106268d0d0116168b23	currencies	world	Unicode-3.0	numbers/currencies/MDL/displayName
Malagasy Ariary	أرياري مدغشقر	cldr-currency	https://raw.githubusercontent.com/unicode-org/cldr-json/48.2.1/cldr-json/cldr-numbers-full/main/ar/currencies.json	2026-09-20	b39cc3d2cc55822e94ef2c4842d759ca60e3f85ae4bf7106268d0d0116168b23	currencies	world	Unicode-3.0	numbers/currencies/MGA/displayName
Malagasy Franc	فرنك مدغشقر	cldr-currency	https://raw.githubusercontent.com/unicode-org/cldr-json/48.2.1/cldr-json/cldr-numbers-full/main/ar/currencies.json	2026-09-20	b39cc3d2cc55822e94ef2c4842d759ca60e3f85ae4bf7106268d0d0116168b23	currencies	world	Unicode-3.0	numbers/currencies/MGF/displayName
Macedonian Denar	دينار مقدوني	cldr-currency	https://raw.githubusercontent.com/unicode-org/cldr-json/48.2.1/cldr-json/cldr-numbers-full/main/ar/currencies.json	2026-09-20	b39cc3d2cc55822e94ef2c4842d759ca60e3f85ae4bf7106268d0d0116168b23	currencies	world	Unicode-3.0	numbers/currencies/MKD/displayName
Malian Franc	فرنك مالي	cldr-currency	https://raw.githubusercontent.com/unicode-org/cldr-json/48.2.1/cldr-json/cldr-numbers-full/main/ar/currencies.json	2026-09-20	b39cc3d2cc55822e94ef2c4842d759ca60e3f85ae4bf7106268d0d0116168b23	currencies	world	Unicode-3.0	numbers/currencies/MLF/displayName
Myanmar Kyat	كيات ميانمار	cldr-currency	https://raw.githubusercontent.com/unicode-org/cldr-json/48.2.1/cldr-json/cldr-numbers-full/main/ar/currencies.json	2026-09-20	b39cc3d2cc55822e94ef2c4842d759ca60e3f85ae4bf7106268d0d0116168b23	currencies	world	Unicode-3.0	numbers/currencies/MMK/displayName
Mongolian Tugrik	توغروغ منغولي	cldr-currency	https://raw.githubusercontent.com/unicode-org/cldr-json/48.2.1/cldr-json/cldr-numbers-full/main/ar/currencies.json	2026-09-20	b39cc3d2cc55822e94ef2c4842d759ca60e3f85ae4bf7106268d0d0116168b23	currencies	world	Unicode-3.0	numbers/currencies/MNT/displayName
Macanese Pataca	باتاكا ماكاوي	cldr-currency	https://raw.githubusercontent.com/unicode-org/cldr-json/48.2.1/cldr-json/cldr-numbers-full/main/ar/currencies.json	2026-09-20	b39cc3d2cc55822e94ef2c4842d759ca60e3f85ae4bf7106268d0d0116168b23	currencies	world	Unicode-3.0	numbers/currencies/MOP/displayName
Mauritanian Ouguiya (1973–2017)	أوقية موريتانية - 1973-2017	cldr-currency	https://raw.githubusercontent.com/unicode-org/cldr-json/48.2.1/cldr-json/cldr-numbers-full/main/ar/currencies.json	2026-09-20	b39cc3d2cc55822e94ef2c4842d759ca60e3f85ae4bf7106268d0d0116168b23	currencies	world	Unicode-3.0	numbers/currencies/MRO/displayName
Mauritanian Ouguiya	أوقية موريتانية	cldr-currency	https://raw.githubusercontent.com/unicode-org/cldr-json/48.2.1/cldr-json/cldr-numbers-full/main/ar/currencies.json	2026-09-20	b39cc3d2cc55822e94ef2c4842d759ca60e3f85ae4bf7106268d0d0116168b23	currencies	world	Unicode-3.0	numbers/currencies/MRU/displayName
Maltese Lira	ليرة مالطية	cldr-currency	https://raw.githubusercontent.com/unicode-org/cldr-json/48.2.1/cldr-json/cldr-numbers-full/main/ar/currencies.json	2026-09-20	b39cc3d2cc55822e94ef2c4842d759ca60e3f85ae4bf7106268d0d0116168b23	currencies	world	Unicode-3.0	numbers/currencies/MTL/displayName
Maltese Pound	جنيه مالطي	cldr-currency	https://raw.githubusercontent.com/unicode-org/cldr-json/48.2.1/cldr-json/cldr-numbers-full/main/ar/currencies.json	2026-09-20	b39cc3d2cc55822e94ef2c4842d759ca60e3f85ae4bf7106268d0d0116168b23	currencies	world	Unicode-3.0	numbers/currencies/MTP/displayName
Mauritian Rupee	روبية موريشيوسية	cldr-currency	https://raw.githubusercontent.com/unicode-org/cldr-json/48.2.1/cldr-json/cldr-numbers-full/main/ar/currencies.json	2026-09-20	b39cc3d2cc55822e94ef2c4842d759ca60e3f85ae4bf7106268d0d0116168b23	currencies	world	Unicode-3.0	numbers/currencies/MUR/displayName
Maldivian Rufiyaa	روفيه جزر المالديف	cldr-currency	https://raw.githubusercontent.com/unicode-org/cldr-json/48.2.1/cldr-json/cldr-numbers-full/main/ar/currencies.json	2026-09-20	b39cc3d2cc55822e94ef2c4842d759ca60e3f85ae4bf7106268d0d0116168b23	currencies	world	Unicode-3.0	numbers/currencies/MVR/displayName
Malawian Kwacha	كواشا مالاوي	cldr-currency	https://raw.githubusercontent.com/unicode-org/cldr-json/48.2.1/cldr-json/cldr-numbers-full/main/ar/currencies.json	2026-09-20	b39cc3d2cc55822e94ef2c4842d759ca60e3f85ae4bf7106268d0d0116168b23	currencies	world	Unicode-3.0	numbers/currencies/MWK/displayName
Mexican Peso	بيزو مكسيكي	cldr-currency	https://raw.githubusercontent.com/unicode-org/cldr-json/48.2.1/cldr-json/cldr-numbers-full/main/ar/currencies.json	2026-09-20	b39cc3d2cc55822e94ef2c4842d759ca60e3f85ae4bf7106268d0d0116168b23	currencies	world	Unicode-3.0	numbers/currencies/MXN/displayName
Mexican Silver Peso (1861–1992)	بيزو فضي مكسيكي - 1861-1992	cldr-currency	https://raw.githubusercontent.com/unicode-org/cldr-json/48.2.1/cldr-json/cldr-numbers-full/main/ar/currencies.json	2026-09-20	b39cc3d2cc55822e94ef2c4842d759ca60e3f85ae4bf7106268d0d0116168b23	currencies	world	Unicode-3.0	numbers/currencies/MXP/displayName
Malaysian Ringgit	رينغيت ماليزي	cldr-currency	https://raw.githubusercontent.com/unicode-org/cldr-json/48.2.1/cldr-json/cldr-numbers-full/main/ar/currencies.json	2026-09-20	b39cc3d2cc55822e94ef2c4842d759ca60e3f85ae4bf7106268d0d0116168b23	currencies	world	Unicode-3.0	numbers/currencies/MYR/displayName
Mozambican Escudo	اسكود موزمبيقي	cldr-currency	https://raw.githubusercontent.com/unicode-org/cldr-json/48.2.1/cldr-json/cldr-numbers-full/main/ar/currencies.json	2026-09-20	b39cc3d2cc55822e94ef2c4842d759ca60e3f85ae4bf7106268d0d0116168b23	currencies	world	Unicode-3.0	numbers/currencies/MZE/displayName
Mozambican Metical	متكال موزمبيقي	cldr-currency	https://raw.githubusercontent.com/unicode-org/cldr-json/48.2.1/cldr-json/cldr-numbers-full/main/ar/currencies.json	2026-09-20	b39cc3d2cc55822e94ef2c4842d759ca60e3f85ae4bf7106268d0d0116168b23	currencies	world	Unicode-3.0	numbers/currencies/MZN/displayName
Namibian Dollar	دولار ناميبي	cldr-currency	https://raw.githubusercontent.com/unicode-org/cldr-json/48.2.1/cldr-json/cldr-numbers-full/main/ar/currencies.json	2026-09-20	b39cc3d2cc55822e94ef2c4842d759ca60e3f85ae4bf7106268d0d0116168b23	currencies	world	Unicode-3.0	numbers/currencies/NAD/displayName
Nigerian Naira	نايرا نيجيري	cldr-currency	https://raw.githubusercontent.com/unicode-org/cldr-json/48.2.1/cldr-json/cldr-numbers-full/main/ar/currencies.json	2026-09-20	b39cc3d2cc55822e94ef2c4842d759ca60e3f85ae4bf7106268d0d0116168b23	currencies	world	Unicode-3.0	numbers/currencies/NGN/displayName
Nicaraguan Córdoba (1988–1991)	كوردوبة نيكاراجوا	cldr-currency	https://raw.githubusercontent.com/unicode-org/cldr-json/48.2.1/cldr-json/cldr-numbers-full/main/ar/currencies.json	2026-09-20	b39cc3d2cc55822e94ef2c4842d759ca60e3f85ae4bf7106268d0d0116168b23	currencies	world	Unicode-3.0	numbers/currencies/NIC/displayName
Nicaraguan Córdoba	قرطبة نيكاراغوا	cldr-currency	https://raw.githubusercontent.com/unicode-org/cldr-json/48.2.1/cldr-json/cldr-numbers-full/main/ar/currencies.json	2026-09-20	b39cc3d2cc55822e94ef2c4842d759ca60e3f85ae4bf7106268d0d0116168b23	currencies	world	Unicode-3.0	numbers/currencies/NIO/displayName
Dutch Guilder	جلدر هولندي	cldr-currency	https://raw.githubusercontent.com/unicode-org/cldr-json/48.2.1/cldr-json/cldr-numbers-full/main/ar/currencies.json	2026-09-20	b39cc3d2cc55822e94ef2c4842d759ca60e3f85ae4bf7106268d0d0116168b23	currencies	world	Unicode-3.0	numbers/currencies/NLG/displayName
Norwegian Krone	كرونة نرويجية	cldr-currency	https://raw.githubusercontent.com/unicode-org/cldr-json/48.2.1/cldr-json/cldr-numbers-full/main/ar/currencies.json	2026-09-20	b39cc3d2cc55822e94ef2c4842d759ca60e3f85ae4bf7106268d0d0116168b23	currencies	world	Unicode-3.0	numbers/currencies/NOK/displayName
Nepalese Rupee	روبية نيبالي	cldr-currency	https://raw.githubusercontent.com/unicode-org/cldr-json/48.2.1/cldr-json/cldr-numbers-full/main/ar/currencies.json	2026-09-20	b39cc3d2cc55822e94ef2c4842d759ca60e3f85ae4bf7106268d0d0116168b23	currencies	world	Unicode-3.0	numbers/currencies/NPR/displayName
New Zealand Dollar	دولار نيوزيلندي	cldr-currency	https://raw.githubusercontent.com/unicode-org/cldr-json/48.2.1/cldr-json/cldr-numbers-full/main/ar/currencies.json	2026-09-20	b39cc3d2cc55822e94ef2c4842d759ca60e3f85ae4bf7106268d0d0116168b23	currencies	world	Unicode-3.0	numbers/currencies/NZD/displayName
Omani Rial	ريال عماني	cldr-currency	https://raw.githubusercontent.com/unicode-org/cldr-json/48.2.1/cldr-json/cldr-numbers-full/main/ar/currencies.json	2026-09-20	b39cc3d2cc55822e94ef2c4842d759ca60e3f85ae4bf7106268d0d0116168b23	currencies	world	Unicode-3.0	numbers/currencies/OMR/displayName
Panamanian Balboa	بالبوا بنمي	cldr-currency	https://raw.githubusercontent.com/unicode-org/cldr-json/48.2.1/cldr-json/cldr-numbers-full/main/ar/currencies.json	2026-09-20	b39cc3d2cc55822e94ef2c4842d759ca60e3f85ae4bf7106268d0d0116168b23	currencies	world	Unicode-3.0	numbers/currencies/PAB/displayName
Peruvian Sol	سول بيروفي	cldr-currency	https://raw.githubusercontent.com/unicode-org/cldr-json/48.2.1/cldr-json/cldr-numbers-full/main/ar/currencies.json	2026-09-20	b39cc3d2cc55822e94ef2c4842d759ca60e3f85ae4bf7106268d0d0116168b23	currencies	world	Unicode-3.0	numbers/currencies/PEN/displayName
Papua New Guinean Kina	كينا بابوا غينيا الجديدة	cldr-currency	https://raw.githubusercontent.com/unicode-org/cldr-json/48.2.1/cldr-json/cldr-numbers-full/main/ar/currencies.json	2026-09-20	b39cc3d2cc55822e94ef2c4842d759ca60e3f85ae4bf7106268d0d0116168b23	currencies	world	Unicode-3.0	numbers/currencies/PGK/displayName
Philippine Peso	بيزو فلبيني	cldr-currency	https://raw.githubusercontent.com/unicode-org/cldr-json/48.2.1/cldr-json/cldr-numbers-full/main/ar/currencies.json	2026-09-20	b39cc3d2cc55822e94ef2c4842d759ca60e3f85ae4bf7106268d0d0116168b23	currencies	world	Unicode-3.0	numbers/currencies/PHP/displayName
Pakistani Rupee	روبية باكستاني	cldr-currency	https://raw.githubusercontent.com/unicode-org/cldr-json/48.2.1/cldr-json/cldr-numbers-full/main/ar/currencies.json	2026-09-20	b39cc3d2cc55822e94ef2c4842d759ca60e3f85ae4bf7106268d0d0116168b23	currencies	world	Unicode-3.0	numbers/currencies/PKR/displayName
Polish Zloty	زلوتي بولندي	cldr-currency	https://raw.githubusercontent.com/unicode-org/cldr-json/48.2.1/cldr-json/cldr-numbers-full/main/ar/currencies.json	2026-09-20	b39cc3d2cc55822e94ef2c4842d759ca60e3f85ae4bf7106268d0d0116168b23	currencies	world	Unicode-3.0	numbers/currencies/PLN/displayName
Polish Zloty (1950–1995)	زلوتي بولندي - 1950-1995	cldr-currency	https://raw.githubusercontent.com/unicode-org/cldr-json/48.2.1/cldr-json/cldr-numbers-full/main/ar/currencies.json	2026-09-20	b39cc3d2cc55822e94ef2c4842d759ca60e3f85ae4bf7106268d0d0116168b23	currencies	world	Unicode-3.0	numbers/currencies/PLZ/displayName
Portuguese Escudo	اسكود برتغالي	cldr-currency	https://raw.githubusercontent.com/unicode-org/cldr-json/48.2.1/cldr-json/cldr-numbers-full/main/ar/currencies.json	2026-09-20	b39cc3d2cc55822e94ef2c4842d759ca60e3f85ae4bf7106268d0d0116168b23	currencies	world	Unicode-3.0	numbers/currencies/PTE/displayName
Paraguayan Guarani	غواراني باراغواي	cldr-currency	https://raw.githubusercontent.com/unicode-org/cldr-json/48.2.1/cldr-json/cldr-numbers-full/main/ar/currencies.json	2026-09-20	b39cc3d2cc55822e94ef2c4842d759ca60e3f85ae4bf7106268d0d0116168b23	currencies	world	Unicode-3.0	numbers/currencies/PYG/displayName
Qatari Riyal	ريال قطري	cldr-currency	https://raw.githubusercontent.com/unicode-org/cldr-json/48.2.1/cldr-json/cldr-numbers-full/main/ar/currencies.json	2026-09-20	b39cc3d2cc55822e94ef2c4842d759ca60e3f85ae4bf7106268d0d0116168b23	currencies	world	Unicode-3.0	numbers/currencies/QAR/displayName
Rhodesian Dollar	دولار روديسي	cldr-currency	https://raw.githubusercontent.com/unicode-org/cldr-json/48.2.1/cldr-json/cldr-numbers-full/main/ar/currencies.json	2026-09-20	b39cc3d2cc55822e94ef2c4842d759ca60e3f85ae4bf7106268d0d0116168b23	currencies	world	Unicode-3.0	numbers/currencies/RHD/displayName
Romanian Leu (1952–2006)	ليو روماني قديم	cldr-currency	https://raw.githubusercontent.com/unicode-org/cldr-json/48.2.1/cldr-json/cldr-numbers-full/main/ar/currencies.json	2026-09-20	b39cc3d2cc55822e94ef2c4842d759ca60e3f85ae4bf7106268d0d0116168b23	currencies	world	Unicode-3.0	numbers/currencies/ROL/displayName
Romanian Leu	ليو روماني	cldr-currency	https://raw.githubusercontent.com/unicode-org/cldr-json/48.2.1/cldr-json/cldr-numbers-full/main/ar/currencies.json	2026-09-20	b39cc3d2cc55822e94ef2c4842d759ca60e3f85ae4bf7106268d0d0116168b23	currencies	world	Unicode-3.0	numbers/currencies/RON/displayName
Serbian Dinar	دينار صربي	cldr-currency	https://raw.githubusercontent.com/unicode-org/cldr-json/48.2.1/cldr-json/cldr-numbers-full/main/ar/currencies.json	2026-09-20	b39cc3d2cc55822e94ef2c4842d759ca60e3f85ae4bf7106268d0d0116168b23	currencies	world	Unicode-3.0	numbers/currencies/RSD/displayName
Russian Ruble	روبل روسي	cldr-currency	https://raw.githubusercontent.com/unicode-org/cldr-json/48.2.1/cldr-json/cldr-numbers-full/main/ar/currencies.json	2026-09-20	b39cc3d2cc55822e94ef2c4842d759ca60e3f85ae4bf7106268d0d0116168b23	currencies	world	Unicode-3.0	numbers/currencies/RUB/displayName
Russian Ruble (1991–1998)	روبل روسي - 1991-1998	cldr-currency	https://raw.githubusercontent.com/unicode-org/cldr-json/48.2.1/cldr-json/cldr-numbers-full/main/ar/currencies.json	2026-09-20	b39cc3d2cc55822e94ef2c4842d759ca60e3f85ae4bf7106268d0d0116168b23	currencies	world	Unicode-3.0	numbers/currencies/RUR/displayName
Rwandan Franc	فرنك رواندي	cldr-currency	https://raw.githubusercontent.com/unicode-org/cldr-json/48.2.1/cldr-json/cldr-numbers-full/main/ar/currencies.json	2026-09-20	b39cc3d2cc55822e94ef2c4842d759ca60e3f85ae4bf7106268d0d0116168b23	currencies	world	Unicode-3.0	numbers/currencies/RWF/displayName
Saudi Riyal	ريال سعودي	cldr-currency	https://raw.githubusercontent.com/unicode-org/cldr-json/48.2.1/cldr-json/cldr-numbers-full/main/ar/currencies.json	2026-09-20	b39cc3d2cc55822e94ef2c4842d759ca60e3f85ae4bf7106268d0d0116168b23	currencies	world	Unicode-3.0	numbers/currencies/SAR/displayName
Solomon Islands Dollar	دولار جزر سليمان	cldr-currency	https://raw.githubusercontent.com/unicode-org/cldr-json/48.2.1/cldr-json/cldr-numbers-full/main/ar/currencies.json	2026-09-20	b39cc3d2cc55822e94ef2c4842d759ca60e3f85ae4bf7106268d0d0116168b23	currencies	world	Unicode-3.0	numbers/currencies/SBD/displayName
Seychellois Rupee	روبية سيشيلية	cldr-currency	https://raw.githubusercontent.com/unicode-org/cldr-json/48.2.1/cldr-json/cldr-numbers-full/main/ar/currencies.json	2026-09-20	b39cc3d2cc55822e94ef2c4842d759ca60e3f85ae4bf7106268d0d0116168b23	currencies	world	Unicode-3.0	numbers/currencies/SCR/displayName
Sudanese Dinar (1992–2007)	دينار سوداني	cldr-currency	https://raw.githubusercontent.com/unicode-org/cldr-json/48.2.1/cldr-json/cldr-numbers-full/main/ar/currencies.json	2026-09-20	b39cc3d2cc55822e94ef2c4842d759ca60e3f85ae4bf7106268d0d0116168b23	currencies	world	Unicode-3.0	numbers/currencies/SDD/displayName
Sudanese Pound	جنيه سوداني	cldr-currency	https://raw.githubusercontent.com/unicode-org/cldr-json/48.2.1/cldr-json/cldr-numbers-full/main/ar/currencies.json	2026-09-20	b39cc3d2cc55822e94ef2c4842d759ca60e3f85ae4bf7106268d0d0116168b23	currencies	world	Unicode-3.0	numbers/currencies/SDG/displayName
Sudanese Pound (1957–1998)	جنيه سوداني قديم	cldr-currency	https://raw.githubusercontent.com/unicode-org/cldr-json/48.2.1/cldr-json/cldr-numbers-full/main/ar/currencies.json	2026-09-20	b39cc3d2cc55822e94ef2c4842d759ca60e3f85ae4bf7106268d0d0116168b23	currencies	world	Unicode-3.0	numbers/currencies/SDP/displayName
Swedish Krona	كرونة سويدية	cldr-currency	https://raw.githubusercontent.com/unicode-org/cldr-json/48.2.1/cldr-json/cldr-numbers-full/main/ar/currencies.json	2026-09-20	b39cc3d2cc55822e94ef2c4842d759ca60e3f85ae4bf7106268d0d0116168b23	currencies	world	Unicode-3.0	numbers/currencies/SEK/displayName
Singapore Dollar	دولار سنغافوري	cldr-currency	https://raw.githubusercontent.com/unicode-org/cldr-json/48.2.1/cldr-json/cldr-numbers-full/main/ar/currencies.json	2026-09-20	b39cc3d2cc55822e94ef2c4842d759ca60e3f85ae4bf7106268d0d0116168b23	currencies	world	Unicode-3.0	numbers/currencies/SGD/displayName
St. Helena Pound	جنيه سانت هيلين	cldr-currency	https://raw.githubusercontent.com/unicode-org/cldr-json/48.2.1/cldr-json/cldr-numbers-full/main/ar/currencies.json	2026-09-20	b39cc3d2cc55822e94ef2c4842d759ca60e3f85ae4bf7106268d0d0116168b23	currencies	world	Unicode-3.0	numbers/currencies/SHP/displayName
Slovenian Tolar	تولار سلوفيني	cldr-currency	https://raw.githubusercontent.com/unicode-org/cldr-json/48.2.1/cldr-json/cldr-numbers-full/main/ar/currencies.json	2026-09-20	b39cc3d2cc55822e94ef2c4842d759ca60e3f85ae4bf7106268d0d0116168b23	currencies	world	Unicode-3.0	numbers/currencies/SIT/displayName
Slovak Koruna	كرونة سلوفاكية	cldr-currency	https://raw.githubusercontent.com/unicode-org/cldr-json/48.2.1/cldr-json/cldr-numbers-full/main/ar/currencies.json	2026-09-20	b39cc3d2cc55822e94ef2c4842d759ca60e3f85ae4bf7106268d0d0116168b23	currencies	world	Unicode-3.0	numbers/currencies/SKK/displayName
Sierra Leonean Leone	ليون سيراليوني	cldr-currency	https://raw.githubusercontent.com/unicode-org/cldr-json/48.2.1/cldr-json/cldr-numbers-full/main/ar/currencies.json	2026-09-20	b39cc3d2cc55822e94ef2c4842d759ca60e3f85ae4bf7106268d0d0116168b23	currencies	world	Unicode-3.0	numbers/currencies/SLE/displayName
Sierra Leonean Leone (1964—2022)	ليون سيراليوني - 1964-2022	cldr-currency	https://raw.githubusercontent.com/unicode-org/cldr-json/48.2.1/cldr-json/cldr-numbers-full/main/ar/currencies.json	2026-09-20	b39cc3d2cc55822e94ef2c4842d759ca60e3f85ae4bf7106268d0d0116168b23	currencies	world	Unicode-3.0	numbers/currencies/SLL/displayName
Somali Shilling	شلن صومالي	cldr-currency	https://raw.githubusercontent.com/unicode-org/cldr-json/48.2.1/cldr-json/cldr-numbers-full/main/ar/currencies.json	2026-09-20	b39cc3d2cc55822e94ef2c4842d759ca60e3f85ae4bf7106268d0d0116168b23	currencies	world	Unicode-3.0	numbers/currencies/SOS/displayName
Surinamese Dollar	دولار سورينامي	cldr-currency	https://raw.githubusercontent.com/unicode-org/cldr-json/48.2.1/cldr-json/cldr-numbers-full/main/ar/currencies.json	2026-09-20	b39cc3d2cc55822e94ef2c4842d759ca60e3f85ae4bf7106268d0d0116168b23	currencies	world	Unicode-3.0	numbers/currencies/SRD/displayName
Surinamese Guilder	جلدر سورينامي	cldr-currency	https://raw.githubusercontent.com/unicode-org/cldr-json/48.2.1/cldr-json/cldr-numbers-full/main/ar/currencies.json	2026-09-20	b39cc3d2cc55822e94ef2c4842d759ca60e3f85ae4bf7106268d0d0116168b23	currencies	world	Unicode-3.0	numbers/currencies/SRG/displayName
South Sudanese Pound	جنيه جنوب السودان	cldr-currency	https://raw.githubusercontent.com/unicode-org/cldr-json/48.2.1/cldr-json/cldr-numbers-full/main/ar/currencies.json	2026-09-20	b39cc3d2cc55822e94ef2c4842d759ca60e3f85ae4bf7106268d0d0116168b23	currencies	world	Unicode-3.0	numbers/currencies/SSP/displayName
São Tomé & Príncipe Dobra (1977–2017)	دوبرا ساو تومي وبرينسيبي - 1977-2017	cldr-currency	https://raw.githubusercontent.com/unicode-org/cldr-json/48.2.1/cldr-json/cldr-numbers-full/main/ar/currencies.json	2026-09-20	b39cc3d2cc55822e94ef2c4842d759ca60e3f85ae4bf7106268d0d0116168b23	currencies	world	Unicode-3.0	numbers/currencies/STD/displayName
São Tomé & Príncipe Dobra	دوبرا ساو تومي وبرينسيبي	cldr-currency	https://raw.githubusercontent.com/unicode-org/cldr-json/48.2.1/cldr-json/cldr-numbers-full/main/ar/currencies.json	2026-09-20	b39cc3d2cc55822e94ef2c4842d759ca60e3f85ae4bf7106268d0d0116168b23	currencies	world	Unicode-3.0	numbers/currencies/STN/displayName
Soviet Rouble	روبل سوفيتي	cldr-currency	https://raw.githubusercontent.com/unicode-org/cldr-json/48.2.1/cldr-json/cldr-numbers-full/main/ar/currencies.json	2026-09-20	b39cc3d2cc55822e94ef2c4842d759ca60e3f85ae4bf7106268d0d0116168b23	currencies	world	Unicode-3.0	numbers/currencies/SUR/displayName
Salvadoran Colón	كولون سلفادوري	cldr-currency	https://raw.githubusercontent.com/unicode-org/cldr-json/48.2.1/cldr-json/cldr-numbers-full/main/ar/currencies.json	2026-09-20	b39cc3d2cc55822e94ef2c4842d759ca60e3f85ae4bf7106268d0d0116168b23	currencies	world	Unicode-3.0	numbers/currencies/SVC/displayName
Syrian Pound	ليرة سورية	cldr-currency	https://raw.githubusercontent.com/unicode-org/cldr-json/48.2.1/cldr-json/cldr-numbers-full/main/ar/currencies.json	2026-09-20	b39cc3d2cc55822e94ef2c4842d759ca60e3f85ae4bf7106268d0d0116168b23	currencies	world	Unicode-3.0	numbers/currencies/SYP/displayName
Swazi Lilangeni	ليلانجيني سوازيلندي	cldr-currency	https://raw.githubusercontent.com/unicode-org/cldr-json/48.2.1/cldr-json/cldr-numbers-full/main/ar/currencies.json	2026-09-20	b39cc3d2cc55822e94ef2c4842d759ca60e3f85ae4bf7106268d0d0116168b23	currencies	world	Unicode-3.0	numbers/currencies/SZL/displayName
Thai Baht	باخت تايلاندي	cldr-currency	https://raw.githubusercontent.com/unicode-org/cldr-json/48.2.1/cldr-json/cldr-numbers-full/main/ar/currencies.json	2026-09-20	b39cc3d2cc55822e94ef2c4842d759ca60e3f85ae4bf7106268d0d0116168b23	currencies	world	Unicode-3.0	numbers/currencies/THB/displayName
Tajikistani Ruble	روبل طاجيكستاني	cldr-currency	https://raw.githubusercontent.com/unicode-org/cldr-json/48.2.1/cldr-json/cldr-numbers-full/main/ar/currencies.json	2026-09-20	b39cc3d2cc55822e94ef2c4842d759ca60e3f85ae4bf7106268d0d0116168b23	currencies	world	Unicode-3.0	numbers/currencies/TJR/displayName
Tajikistani Somoni	سوموني طاجيكستاني	cldr-currency	https://raw.githubusercontent.com/unicode-org/cldr-json/48.2.1/cldr-json/cldr-numbers-full/main/ar/currencies.json	2026-09-20	b39cc3d2cc55822e94ef2c4842d759ca60e3f85ae4bf7106268d0d0116168b23	currencies	world	Unicode-3.0	numbers/currencies/TJS/displayName
Turkmenistani Manat (1993–2009)	مانات تركمنستاني	cldr-currency	https://raw.githubusercontent.com/unicode-org/cldr-json/48.2.1/cldr-json/cldr-numbers-full/main/ar/currencies.json	2026-09-20	b39cc3d2cc55822e94ef2c4842d759ca60e3f85ae4bf7106268d0d0116168b23	currencies	world	Unicode-3.0	numbers/currencies/TMM/displayName
Turkmenistani Manat	مانات تركمانستان	cldr-currency	https://raw.githubusercontent.com/unicode-org/cldr-json/48.2.1/cldr-json/cldr-numbers-full/main/ar/currencies.json	2026-09-20	b39cc3d2cc55822e94ef2c4842d759ca60e3f85ae4bf7106268d0d0116168b23	currencies	world	Unicode-3.0	numbers/currencies/TMT/displayName
Tunisian Dinar	دينار تونسي	cldr-currency	https://raw.githubusercontent.com/unicode-org/cldr-json/48.2.1/cldr-json/cldr-numbers-full/main/ar/currencies.json	2026-09-20	b39cc3d2cc55822e94ef2c4842d759ca60e3f85ae4bf7106268d0d0116168b23	currencies	world	Unicode-3.0	numbers/currencies/TND/displayName
Tongan Paʻanga	بانغا تونغا	cldr-currency	https://raw.githubusercontent.com/unicode-org/cldr-json/48.2.1/cldr-json/cldr-numbers-full/main/ar/currencies.json	2026-09-20	b39cc3d2cc55822e94ef2c4842d759ca60e3f85ae4bf7106268d0d0116168b23	currencies	world	Unicode-3.0	numbers/currencies/TOP/displayName
Timorese Escudo	اسكود تيموري	cldr-currency	https://raw.githubusercontent.com/unicode-org/cldr-json/48.2.1/cldr-json/cldr-numbers-full/main/ar/currencies.json	2026-09-20	b39cc3d2cc55822e94ef2c4842d759ca60e3f85ae4bf7106268d0d0116168b23	currencies	world	Unicode-3.0	numbers/currencies/TPE/displayName
Turkish Lira (1922–2005)	ليرة تركي	cldr-currency	https://raw.githubusercontent.com/unicode-org/cldr-json/48.2.1/cldr-json/cldr-numbers-full/main/ar/currencies.json	2026-09-20	b39cc3d2cc55822e94ef2c4842d759ca60e3f85ae4bf7106268d0d0116168b23	currencies	world	Unicode-3.0	numbers/currencies/TRL/displayName
Turkish Lira	ليرة تركية	cldr-currency	https://raw.githubusercontent.com/unicode-org/cldr-json/48.2.1/cldr-json/cldr-numbers-full/main/ar/currencies.json	2026-09-20	b39cc3d2cc55822e94ef2c4842d759ca60e3f85ae4bf7106268d0d0116168b23	currencies	world	Unicode-3.0	numbers/currencies/TRY/displayName
Trinidad & Tobago Dollar	دولار ترينداد وتوباغو	cldr-currency	https://raw.githubusercontent.com/unicode-org/cldr-json/48.2.1/cldr-json/cldr-numbers-full/main/ar/currencies.json	2026-09-20	b39cc3d2cc55822e94ef2c4842d759ca60e3f85ae4bf7106268d0d0116168b23	currencies	world	Unicode-3.0	numbers/currencies/TTD/displayName
New Taiwan Dollar	دولار تايواني	cldr-currency	https://raw.githubusercontent.com/unicode-org/cldr-json/48.2.1/cldr-json/cldr-numbers-full/main/ar/currencies.json	2026-09-20	b39cc3d2cc55822e94ef2c4842d759ca60e3f85ae4bf7106268d0d0116168b23	currencies	world	Unicode-3.0	numbers/currencies/TWD/displayName
Tanzanian Shilling	شلن تنزاني	cldr-currency	https://raw.githubusercontent.com/unicode-org/cldr-json/48.2.1/cldr-json/cldr-numbers-full/main/ar/currencies.json	2026-09-20	b39cc3d2cc55822e94ef2c4842d759ca60e3f85ae4bf7106268d0d0116168b23	currencies	world	Unicode-3.0	numbers/currencies/TZS/displayName
Ukrainian Hryvnia	هريفنيا أوكراني	cldr-currency	https://raw.githubusercontent.com/unicode-org/cldr-json/48.2.1/cldr-json/cldr-numbers-full/main/ar/currencies.json	2026-09-20	b39cc3d2cc55822e94ef2c4842d759ca60e3f85ae4bf7106268d0d0116168b23	currencies	world	Unicode-3.0	numbers/currencies/UAH/displayName
Ugandan Shilling (1966–1987)	شلن أوغندي - 1966-1987	cldr-currency	https://raw.githubusercontent.com/unicode-org/cldr-json/48.2.1/cldr-json/cldr-numbers-full/main/ar/currencies.json	2026-09-20	b39cc3d2cc55822e94ef2c4842d759ca60e3f85ae4bf7106268d0d0116168b23	currencies	world	Unicode-3.0	numbers/currencies/UGS/displayName
Ugandan Shilling	شلن أوغندي	cldr-currency	https://raw.githubusercontent.com/unicode-org/cldr-json/48.2.1/cldr-json/cldr-numbers-full/main/ar/currencies.json	2026-09-20	b39cc3d2cc55822e94ef2c4842d759ca60e3f85ae4bf7106268d0d0116168b23	currencies	world	Unicode-3.0	numbers/currencies/UGX/displayName
US Dollar	دولار أمريكي	cldr-currency	https://raw.githubusercontent.com/unicode-org/cldr-json/48.2.1/cldr-json/cldr-numbers-full/main/ar/currencies.json	2026-09-20	b39cc3d2cc55822e94ef2c4842d759ca60e3f85ae4bf7106268d0d0116168b23	currencies	world	Unicode-3.0	numbers/currencies/USD/displayName
US Dollar (Next day)	دولار أمريكي (اليوم التالي)‏	cldr-currency	https://raw.githubusercontent.com/unicode-org/cldr-json/48.2.1/cldr-json/cldr-numbers-full/main/ar/currencies.json	2026-09-20	b39cc3d2cc55822e94ef2c4842d759ca60e3f85ae4bf7106268d0d0116168b23	currencies	world	Unicode-3.0	numbers/currencies/USN/displayName
US Dollar (Same day)	دولار أمريكي (نفس اليوم)‏	cldr-currency	https://raw.githubusercontent.com/unicode-org/cldr-json/48.2.1/cldr-json/cldr-numbers-full/main/ar/currencies.json	2026-09-20	b39cc3d2cc55822e94ef2c4842d759ca60e3f85ae4bf7106268d0d0116168b23	currencies	world	Unicode-3.0	numbers/currencies/USS/displayName
Uruguayan Peso (1975–1993)	بيزو أوروجواي - 1975-1993	cldr-currency	https://raw.githubusercontent.com/unicode-org/cldr-json/48.2.1/cldr-json/cldr-numbers-full/main/ar/currencies.json	2026-09-20	b39cc3d2cc55822e94ef2c4842d759ca60e3f85ae4bf7106268d0d0116168b23	currencies	world	Unicode-3.0	numbers/currencies/UYP/displayName
Uruguayan Peso	بيزو اوروغواي	cldr-currency	https://raw.githubusercontent.com/unicode-org/cldr-json/48.2.1/cldr-json/cldr-numbers-full/main/ar/currencies.json	2026-09-20	b39cc3d2cc55822e94ef2c4842d759ca60e3f85ae4bf7106268d0d0116168b23	currencies	world	Unicode-3.0	numbers/currencies/UYU/displayName
Uzbekistani Som	سوم أوزبكستاني	cldr-currency	https://raw.githubusercontent.com/unicode-org/cldr-json/48.2.1/cldr-json/cldr-numbers-full/main/ar/currencies.json	2026-09-20	b39cc3d2cc55822e94ef2c4842d759ca60e3f85ae4bf7106268d0d0116168b23	currencies	world	Unicode-3.0	numbers/currencies/UZS/displayName
Venezuelan Bolívar (1871–2008)	بوليفار فنزويلي - 1871-2008	cldr-currency	https://raw.githubusercontent.com/unicode-org/cldr-json/48.2.1/cldr-json/cldr-numbers-full/main/ar/currencies.json	2026-09-20	b39cc3d2cc55822e94ef2c4842d759ca60e3f85ae4bf7106268d0d0116168b23	currencies	world	Unicode-3.0	numbers/currencies/VEB/displayName
Venezuelan Bolívar (2008–2018)	بوليفار فنزويلي - 2008–2018	cldr-currency	https://raw.githubusercontent.com/unicode-org/cldr-json/48.2.1/cldr-json/cldr-numbers-full/main/ar/currencies.json	2026-09-20	b39cc3d2cc55822e94ef2c4842d759ca60e3f85ae4bf7106268d0d0116168b23	currencies	world	Unicode-3.0	numbers/currencies/VEF/displayName
Venezuelan Bolívar	بوليفار فنزويلي	cldr-currency	https://raw.githubusercontent.com/unicode-org/cldr-json/48.2.1/cldr-json/cldr-numbers-full/main/ar/currencies.json	2026-09-20	b39cc3d2cc55822e94ef2c4842d759ca60e3f85ae4bf7106268d0d0116168b23	currencies	world	Unicode-3.0	numbers/currencies/VES/displayName
Vietnamese Dong	دونج فيتنامي	cldr-currency	https://raw.githubusercontent.com/unicode-org/cldr-json/48.2.1/cldr-json/cldr-numbers-full/main/ar/currencies.json	2026-09-20	b39cc3d2cc55822e94ef2c4842d759ca60e3f85ae4bf7106268d0d0116168b23	currencies	world	Unicode-3.0	numbers/currencies/VND/displayName
Vanuatu Vatu	فاتو فانواتو	cldr-currency	https://raw.githubusercontent.com/unicode-org/cldr-json/48.2.1/cldr-json/cldr-numbers-full/main/ar/currencies.json	2026-09-20	b39cc3d2cc55822e94ef2c4842d759ca60e3f85ae4bf7106268d0d0116168b23	currencies	world	Unicode-3.0	numbers/currencies/VUV/displayName
Samoan Tala	تالا ساموا	cldr-currency	https://raw.githubusercontent.com/unicode-org/cldr-json/48.2.1/cldr-json/cldr-numbers-full/main/ar/currencies.json	2026-09-20	b39cc3d2cc55822e94ef2c4842d759ca60e3f85ae4bf7106268d0d0116168b23	currencies	world	Unicode-3.0	numbers/currencies/WST/displayName
Central African CFA Franc	فرنك وسط أفريقي	cldr-currency	https://raw.githubusercontent.com/unicode-org/cldr-json/48.2.1/cldr-json/cldr-numbers-full/main/ar/currencies.json	2026-09-20	b39cc3d2cc55822e94ef2c4842d759ca60e3f85ae4bf7106268d0d0116168b23	currencies	world	Unicode-3.0	numbers/currencies/XAF/displayName
Silver	فضة	cldr-currency	https://raw.githubusercontent.com/unicode-org/cldr-json/48.2.1/cldr-json/cldr-numbers-full/main/ar/currencies.json	2026-09-20	b39cc3d2cc55822e94ef2c4842d759ca60e3f85ae4bf7106268d0d0116168b23	currencies	world	Unicode-3.0	numbers/currencies/XAG/displayName
Gold	ذهب	cldr-currency	https://raw.githubusercontent.com/unicode-org/cldr-json/48.2.1/cldr-json/cldr-numbers-full/main/ar/currencies.json	2026-09-20	b39cc3d2cc55822e94ef2c4842d759ca60e3f85ae4bf7106268d0d0116168b23	currencies	world	Unicode-3.0	numbers/currencies/XAU/displayName
European Composite Unit	الوحدة الأوروبية المركبة	cldr-currency	https://raw.githubusercontent.com/unicode-org/cldr-json/48.2.1/cldr-json/cldr-numbers-full/main/ar/currencies.json	2026-09-20	b39cc3d2cc55822e94ef2c4842d759ca60e3f85ae4bf7106268d0d0116168b23	currencies	world	Unicode-3.0	numbers/currencies/XBA/displayName
European Monetary Unit	الوحدة المالية الأوروبية	cldr-currency	https://raw.githubusercontent.com/unicode-org/cldr-json/48.2.1/cldr-json/cldr-numbers-full/main/ar/currencies.json	2026-09-20	b39cc3d2cc55822e94ef2c4842d759ca60e3f85ae4bf7106268d0d0116168b23	currencies	world	Unicode-3.0	numbers/currencies/XBB/displayName
European Unit of Account (XBC)	الوحدة الحسابية الأوروبية	cldr-currency	https://raw.githubusercontent.com/unicode-org/cldr-json/48.2.1/cldr-json/cldr-numbers-full/main/ar/currencies.json	2026-09-20	b39cc3d2cc55822e94ef2c4842d759ca60e3f85ae4bf7106268d0d0116168b23	currencies	world	Unicode-3.0	numbers/currencies/XBC/displayName
European Unit of Account (XBD)	(XBD)وحدة الحساب الأوروبية	cldr-currency	https://raw.githubusercontent.com/unicode-org/cldr-json/48.2.1/cldr-json/cldr-numbers-full/main/ar/currencies.json	2026-09-20	b39cc3d2cc55822e94ef2c4842d759ca60e3f85ae4bf7106268d0d0116168b23	currencies	world	Unicode-3.0	numbers/currencies/XBD/displayName
East Caribbean Dollar	دولار شرق الكاريبي	cldr-currency	https://raw.githubusercontent.com/unicode-org/cldr-json/48.2.1/cldr-json/cldr-numbers-full/main/ar/currencies.json	2026-09-20	b39cc3d2cc55822e94ef2c4842d759ca60e3f85ae4bf7106268d0d0116168b23	currencies	world	Unicode-3.0	numbers/currencies/XCD/displayName
Caribbean guilder	غيلدر كاريبي	cldr-currency	https://raw.githubusercontent.com/unicode-org/cldr-json/48.2.1/cldr-json/cldr-numbers-full/main/ar/currencies.json	2026-09-20	b39cc3d2cc55822e94ef2c4842d759ca60e3f85ae4bf7106268d0d0116168b23	currencies	world	Unicode-3.0	numbers/currencies/XCG/displayName
Special Drawing Rights	حقوق السحب الخاصة	cldr-currency	https://raw.githubusercontent.com/unicode-org/cldr-json/48.2.1/cldr-json/cldr-numbers-full/main/ar/currencies.json	2026-09-20	b39cc3d2cc55822e94ef2c4842d759ca60e3f85ae4bf7106268d0d0116168b23	currencies	world	Unicode-3.0	numbers/currencies/XDR/displayName
European Currency Unit	وحدة النقد الأوروبية	cldr-currency	https://raw.githubusercontent.com/unicode-org/cldr-json/48.2.1/cldr-json/cldr-numbers-full/main/ar/currencies.json	2026-09-20	b39cc3d2cc55822e94ef2c4842d759ca60e3f85ae4bf7106268d0d0116168b23	currencies	world	Unicode-3.0	numbers/currencies/XEU/displayName
French Gold Franc	فرنك فرنسي ذهبي	cldr-currency	https://raw.githubusercontent.com/unicode-org/cldr-json/48.2.1/cldr-json/cldr-numbers-full/main/ar/currencies.json	2026-09-20	b39cc3d2cc55822e94ef2c4842d759ca60e3f85ae4bf7106268d0d0116168b23	currencies	world	Unicode-3.0	numbers/currencies/XFO/displayName
French UIC-Franc	(UIC)فرنك فرنسي	cldr-currency	https://raw.githubusercontent.com/unicode-org/cldr-json/48.2.1/cldr-json/cldr-numbers-full/main/ar/currencies.json	2026-09-20	b39cc3d2cc55822e94ef2c4842d759ca60e3f85ae4bf7106268d0d0116168b23	currencies	world	Unicode-3.0	numbers/currencies/XFU/displayName
West African CFA Franc	فرنك غرب أفريقي	cldr-currency	https://raw.githubusercontent.com/unicode-org/cldr-json/48.2.1/cldr-json/cldr-numbers-full/main/ar/currencies.json	2026-09-20	b39cc3d2cc55822e94ef2c4842d759ca60e3f85ae4bf7106268d0d0116168b23	currencies	world	Unicode-3.0	numbers/currencies/XOF/displayName
Palladium	بالاديوم	cldr-currency	https://raw.githubusercontent.com/unicode-org/cldr-json/48.2.1/cldr-json/cldr-numbers-full/main/ar/currencies.json	2026-09-20	b39cc3d2cc55822e94ef2c4842d759ca60e3f85ae4bf7106268d0d0116168b23	currencies	world	Unicode-3.0	numbers/currencies/XPD/displayName
CFP Franc	فرنك سي إف بي	cldr-currency	https://raw.githubusercontent.com/unicode-org/cldr-json/48.2.1/cldr-json/cldr-numbers-full/main/ar/currencies.json	2026-09-20	b39cc3d2cc55822e94ef2c4842d759ca60e3f85ae4bf7106268d0d0116168b23	currencies	world	Unicode-3.0	numbers/currencies/XPF/displayName
Platinum	البلاتين	cldr-currency	https://raw.githubusercontent.com/unicode-org/cldr-json/48.2.1/cldr-json/cldr-numbers-full/main/ar/currencies.json	2026-09-20	b39cc3d2cc55822e94ef2c4842d759ca60e3f85ae4bf7106268d0d0116168b23	currencies	world	Unicode-3.0	numbers/currencies/XPT/displayName
Testing Currency Code	كود اختبار العملة	cldr-currency	https://raw.githubusercontent.com/unicode-org/cldr-json/48.2.1/cldr-json/cldr-numbers-full/main/ar/currencies.json	2026-09-20	b39cc3d2cc55822e94ef2c4842d759ca60e3f85ae4bf7106268d0d0116168b23	currencies	world	Unicode-3.0	numbers/currencies/XTS/displayName
Unknown Currency	عملة غير معروفة	cldr-currency	https://raw.githubusercontent.com/unicode-org/cldr-json/48.2.1/cldr-json/cldr-numbers-full/main/ar/currencies.json	2026-09-20	b39cc3d2cc55822e94ef2c4842d759ca60e3f85ae4bf7106268d0d0116168b23	currencies	world	Unicode-3.0	numbers/currencies/XXX/displayName
Yemeni Dinar	دينار يمني	cldr-currency	https://raw.githubusercontent.com/unicode-org/cldr-json/48.2.1/cldr-json/cldr-numbers-full/main/ar/currencies.json	2026-09-20	b39cc3d2cc55822e94ef2c4842d759ca60e3f85ae4bf7106268d0d0116168b23	currencies	world	Unicode-3.0	numbers/currencies/YDD/displayName
Yemeni Rial	ريال يمني	cldr-currency	https://raw.githubusercontent.com/unicode-org/cldr-json/48.2.1/cldr-json/cldr-numbers-full/main/ar/currencies.json	2026-09-20	b39cc3d2cc55822e94ef2c4842d759ca60e3f85ae4bf7106268d0d0116168b23	currencies	world	Unicode-3.0	numbers/currencies/YER/displayName
Yugoslavian Hard Dinar (1966–1990)	دينار يوغسلافي	cldr-currency	https://raw.githubusercontent.com/unicode-org/cldr-json/48.2.1/cldr-json/cldr-numbers-full/main/ar/currencies.json	2026-09-20	b39cc3d2cc55822e94ef2c4842d759ca60e3f85ae4bf7106268d0d0116168b23	currencies	world	Unicode-3.0	numbers/currencies/YUD/displayName
Yugoslavian Convertible Dinar (1990–1992)	دينار يوغسلافي قابل للتحويل	cldr-currency	https://raw.githubusercontent.com/unicode-org/cldr-json/48.2.1/cldr-json/cldr-numbers-full/main/ar/currencies.json	2026-09-20	b39cc3d2cc55822e94ef2c4842d759ca60e3f85ae4bf7106268d0d0116168b23	currencies	world	Unicode-3.0	numbers/currencies/YUN/displayName
South African Rand (financial)	راند جنوب أفريقيا -مالي	cldr-currency	https://raw.githubusercontent.com/unicode-org/cldr-json/48.2.1/cldr-json/cldr-numbers-full/main/ar/currencies.json	2026-09-20	b39cc3d2cc55822e94ef2c4842d759ca60e3f85ae4bf7106268d0d0116168b23	currencies	world	Unicode-3.0	numbers/currencies/ZAL/displayName
South African Rand	راند جنوب أفريقيا	cldr-currency	https://raw.githubusercontent.com/unicode-org/cldr-json/48.2.1/cldr-json/cldr-numbers-full/main/ar/currencies.json	2026-09-20	b39cc3d2cc55822e94ef2c4842d759ca60e3f85ae4bf7106268d0d0116168b23	currencies	world	Unicode-3.0	numbers/currencies/ZAR/displayName
Zambian Kwacha (1968–2012)	كواشا زامبي - 1968-2012	cldr-currency	https://raw.githubusercontent.com/unicode-org/cldr-json/48.2.1/cldr-json/cldr-numbers-full/main/ar/currencies.json	2026-09-20	b39cc3d2cc55822e94ef2c4842d759ca60e3f85ae4bf7106268d0d0116168b23	currencies	world	Unicode-3.0	numbers/currencies/ZMK/displayName
Zambian Kwacha	كواشا زامبي	cldr-currency	https://raw.githubusercontent.com/unicode-org/cldr-json/48.2.1/cldr-json/cldr-numbers-full/main/ar/currencies.json	2026-09-20	b39cc3d2cc55822e94ef2c4842d759ca60e3f85ae4bf7106268d0d0116168b23	currencies	world	Unicode-3.0	numbers/currencies/ZMW/displayName
Zairean New Zaire (1993–1998)	زائير زائيري جديد	cldr-currency	https://raw.githubusercontent.com/unicode-org/cldr-json/48.2.1/cldr-json/cldr-numbers-full/main/ar/currencies.json	2026-09-20	b39cc3d2cc55822e94ef2c4842d759ca60e3f85ae4bf7106268d0d0116168b23	currencies	world	Unicode-3.0	numbers/currencies/ZRN/displayName
Zairean Zaire (1971–1993)	زائير زائيري	cldr-currency	https://raw.githubusercontent.com/unicode-org/cldr-json/48.2.1/cldr-json/cldr-numbers-full/main/ar/currencies.json	2026-09-20	b39cc3d2cc55822e94ef2c4842d759ca60e3f85ae4bf7106268d0d0116168b23	currencies	world	Unicode-3.0	numbers/currencies/ZRZ/displayName
Zimbabwean Dollar (1980–2008)	دولار زمبابوي	cldr-currency	https://raw.githubusercontent.com/unicode-org/cldr-json/48.2.1/cldr-json/cldr-numbers-full/main/ar/currencies.json	2026-09-20	b39cc3d2cc55822e94ef2c4842d759ca60e3f85ae4bf7106268d0d0116168b23	currencies	world	Unicode-3.0	numbers/currencies/ZWD/displayName
Zimbabwean Gold	ذهب زيمبابوي	cldr-currency	https://raw.githubusercontent.com/unicode-org/cldr-json/48.2.1/cldr-json/cldr-numbers-full/main/ar/currencies.json	2026-09-20	b39cc3d2cc55822e94ef2c4842d759ca60e3f85ae4bf7106268d0d0116168b23	currencies	world	Unicode-3.0	numbers/currencies/ZWG/displayName
Zimbabwean Dollar (2009–2024)	دولار زمبابوي 2009	cldr-currency	https://raw.githubusercontent.com/unicode-org/cldr-json/48.2.1/cldr-json/cldr-numbers-full/main/ar/currencies.json	2026-09-20	b39cc3d2cc55822e94ef2c4842d759ca60e3f85ae4bf7106268d0d0116168b23	currencies	world	Unicode-3.0	numbers/currencies/ZWL/displayName
